2026-10-04 22:14:26,520 INFO Starting Nacos v2.3.2 using Java 17.0.11 on 小新Pro14-LIU with PID 10364 (D:\heXin\cloud-demo-xx\nacos-server-2.3.2\target\nacos-server.jar started by 19158 in D:\heXin\cloud-demo-xx\nacos-server-2.3.2\bin)

2026-10-04 22:14:26,525 INFO The following 1 profile is active: "standalone"

2026-10-04 22:14:26,741 INFO Load Nacos package exclude filter success, package prefix com.alibaba.nacos.config.server, filter com.alibaba.nacos.config.server.filter.ConfigEnabledFilter

2026-10-04 22:14:26,742 INFO Load Nacos package exclude filter success, package prefix com.alibaba.nacos.naming, filter com.alibaba.nacos.naming.config.NamingEnabledFilter

2026-10-04 22:14:26,742 INFO Load Nacos package exclude filter success, package prefix com.alibaba.nacos.istio, filter com.alibaba.nacos.istio.config.IstioEnabledFilter

2026-10-04 22:14:27,075 INFO Skip @SpringBootApplication annotation for class com.alibaba.nacos.config.server.Config to avoid duplicate scan

2026-10-04 22:14:27,261 INFO Skip @SpringBootApplication annotation for class com.alibaba.nacos.naming.NamingApp to avoid duplicate scan

2026-10-04 22:14:27,283 INFO Skip @SpringBootApplication annotation for class com.alibaba.nacos.cmdb.CmdbApp to avoid duplicate scan

2026-10-04 22:14:27,303 WARN Istio module disabled because set nacos.extension.naming.istio.enabled as false

2026-10-04 22:14:27,304 WARN Istio module disabled because set nacos.extension.naming.istio.enabled as false

2026-10-04 22:14:27,304 WARN Istio module disabled because set nacos.extension.naming.istio.enabled as false

2026-10-04 22:14:27,304 WARN Istio module disabled because set nacos.extension.naming.istio.enabled as false

2026-10-04 22:14:27,305 WARN Istio module disabled because set nacos.extension.naming.istio.enabled as false

2026-10-04 22:14:27,305 WARN Istio module disabled because set nacos.extension.naming.istio.enabled as false

2026-10-04 22:14:27,305 WARN Istio module disabled because set nacos.extension.naming.istio.enabled as false

2026-10-04 22:14:27,305 WARN Istio module disabled because set nacos.extension.naming.istio.enabled as false

2026-10-04 22:14:27,306 WARN Istio module disabled because set nacos.extension.naming.istio.enabled as false

2026-10-04 22:14:27,306 WARN Istio module disabled because set nacos.extension.naming.istio.enabled as false

2026-10-04 22:14:27,306 WARN Istio module disabled because set nacos.extension.naming.istio.enabled as false

2026-10-04 22:14:27,306 WARN Istio module disabled because set nacos.extension.naming.istio.enabled as false

2026-10-04 22:14:27,307 WARN Istio module disabled because set nacos.extension.naming.istio.enabled as false

2026-10-04 22:14:27,307 WARN Istio module disabled because set nacos.extension.naming.istio.enabled as false

2026-10-04 22:14:27,307 WARN Istio module disabled because set nacos.extension.naming.istio.enabled as false

2026-10-04 22:14:27,307 WARN Istio module disabled because set nacos.extension.naming.istio.enabled as false

2026-10-04 22:14:27,308 WARN Istio module disabled because set nacos.extension.naming.istio.enabled as false

2026-10-04 22:14:27,308 WARN Istio module disabled because set nacos.extension.naming.istio.enabled as false

2026-10-04 22:14:27,308 WARN Istio module disabled because set nacos.extension.naming.istio.enabled as false

2026-10-04 22:14:27,308 WARN Istio module disabled because set nacos.extension.naming.istio.enabled as false

2026-10-04 22:14:27,309 WARN Istio module disabled because set nacos.extension.naming.istio.enabled as false

2026-10-04 22:14:27,309 WARN Istio module disabled because set nacos.extension.naming.istio.enabled as false

2026-10-04 22:14:27,309 WARN Istio module disabled because set nacos.extension.naming.istio.enabled as false

2026-10-04 22:14:27,309 WARN Istio module disabled because set nacos.extension.naming.istio.enabled as false

2026-10-04 22:14:27,310 WARN Istio module disabled because set nacos.extension.naming.istio.enabled as false

2026-10-04 22:14:27,310 INFO Skip @SpringBootApplication annotation for class com.alibaba.nacos.istio.IstioApp to avoid duplicate scan

2026-10-04 22:14:27,310 WARN Istio module disabled because set nacos.extension.naming.istio.enabled as false

2026-10-04 22:14:27,311 WARN Istio module disabled because set nacos.extension.naming.istio.enabled as false

2026-10-04 22:14:27,311 WARN Istio module disabled because set nacos.extension.naming.istio.enabled as false

2026-10-04 22:14:27,311 WARN Istio module disabled because set nacos.extension.naming.istio.enabled as false

2026-10-04 22:14:27,311 WARN Istio module disabled because set nacos.extension.naming.istio.enabled as false

2026-10-04 22:14:27,312 WARN Istio module disabled because set nacos.extension.naming.istio.enabled as false

2026-10-04 22:14:27,312 WARN Istio module disabled because set nacos.extension.naming.istio.enabled as false

2026-10-04 22:14:27,312 WARN Istio module disabled because set nacos.extension.naming.istio.enabled as false

2026-10-04 22:14:27,313 WARN Istio module disabled because set nacos.extension.naming.istio.enabled as false

2026-10-04 22:14:27,313 WARN Istio module disabled because set nacos.extension.naming.istio.enabled as false

2026-10-04 22:14:27,313 WARN Istio module disabled because set nacos.extension.naming.istio.enabled as false

2026-10-04 22:14:27,867 INFO Skip @SpringBootApplication annotation for class com.alibaba.nacos.prometheus.PrometheusApp to avoid duplicate scan

2026-10-04 22:14:31,350 INFO Tomcat initialized with port(s): 8848 (http)

2026-10-04 22:14:31,803 INFO Starting service [Tomcat]

2026-10-04 22:14:31,803 INFO Starting Servlet engine: [Apache Tomcat/9.0.83]

2026-10-04 22:14:32,108 INFO Initializing Spring embedded WebApplicationContext

2026-10-04 22:14:32,110 INFO Root WebApplicationContext: initialization completed in 5482 ms

2026-10-04 22:14:32,596 INFO Nacos-related cluster resource initialization

2026-10-04 22:14:32,604 INFO Load com.alibaba.nacos.core.ability.RemoteAbilityInitializer for ServerAbilityInitializer

2026-10-04 22:14:32,604 INFO Load com.alibaba.nacos.naming.ability.NamingAbilityInitializer for ServerAbilityInitializer

2026-10-04 22:14:32,610 INFO The cluster resource is initialized

2026-10-04 22:14:33,747 INFO HikariPool-1 - Starting...

2026-10-04 22:14:33,770 WARN Registered driver with driverClassName=org.apache.derby.jdbc.EmbeddedDriver was not found, trying direct instantiation.

2026-10-04 22:14:34,224 INFO HikariPool-1 - Driver does not support get/set network timeout for connections. (Feature not implemented: No details.)

2026-10-04 22:14:34,226 INFO HikariPool-1 - Start completed.

2026-10-04 22:14:34,679 INFO [MapperManager] Load Mapper(class com.alibaba.nacos.plugin.datasource.impl.mysql.ConfigInfoAggrMapperByMySql) datasource(mysql) tableName(config_info_aggr) successfully.

2026-10-04 22:14:34,679 INFO [MapperManager] Load Mapper(class com.alibaba.nacos.plugin.datasource.impl.mysql.ConfigInfoBetaMapperByMySql) datasource(mysql) tableName(config_info_beta) successfully.

2026-10-04 22:14:34,679 INFO [MapperManager] Load Mapper(class com.alibaba.nacos.plugin.datasource.impl.mysql.ConfigInfoMapperByMySql) datasource(mysql) tableName(config_info) successfully.

2026-10-04 22:14:34,679 INFO [MapperManager] Load Mapper(class com.alibaba.nacos.plugin.datasource.impl.mysql.ConfigInfoTagMapperByMySql) datasource(mysql) tableName(config_info_tag) successfully.

2026-10-04 22:14:34,679 INFO [MapperManager] Load Mapper(class com.alibaba.nacos.plugin.datasource.impl.mysql.ConfigTagsRelationMapperByMySql) datasource(mysql) tableName(config_tags_relation) successfully.

2026-10-04 22:14:34,679 INFO [MapperManager] Load Mapper(class com.alibaba.nacos.plugin.datasource.impl.mysql.HistoryConfigInfoMapperByMySql) datasource(mysql) tableName(his_config_info) successfully.

2026-10-04 22:14:34,679 INFO [MapperManager] Load Mapper(class com.alibaba.nacos.plugin.datasource.impl.mysql.TenantInfoMapperByMySql) datasource(mysql) tableName(tenant_info) successfully.

2026-10-04 22:14:34,679 INFO [MapperManager] Load Mapper(class com.alibaba.nacos.plugin.datasource.impl.mysql.TenantCapacityMapperByMySql) datasource(mysql) tableName(tenant_capacity) successfully.

2026-10-04 22:14:34,679 INFO [MapperManager] Load Mapper(class com.alibaba.nacos.plugin.datasource.impl.mysql.GroupCapacityMapperByMysql) datasource(mysql) tableName(group_capacity) successfully.

2026-10-04 22:14:34,680 INFO [MapperManager] Load Mapper(class com.alibaba.nacos.plugin.datasource.impl.derby.ConfigInfoAggrMapperByDerby) datasource(derby) tableName(config_info_aggr) successfully.

2026-10-04 22:14:34,680 INFO [MapperManager] Load Mapper(class com.alibaba.nacos.plugin.datasource.impl.derby.ConfigInfoBetaMapperByDerby) datasource(derby) tableName(config_info_beta) successfully.

2026-10-04 22:14:34,680 INFO [MapperManager] Load Mapper(class com.alibaba.nacos.plugin.datasource.impl.derby.ConfigInfoMapperByDerby) datasource(derby) tableName(config_info) successfully.

2026-10-04 22:14:34,680 INFO [MapperManager] Load Mapper(class com.alibaba.nacos.plugin.datasource.impl.derby.ConfigInfoTagMapperByDerby) datasource(derby) tableName(config_info_tag) successfully.

2026-10-04 22:14:34,680 INFO [MapperManager] Load Mapper(class com.alibaba.nacos.plugin.datasource.impl.derby.ConfigInfoTagsRelationMapperByDerby) datasource(derby) tableName(config_tags_relation) successfully.

2026-10-04 22:14:34,680 INFO [MapperManager] Load Mapper(class com.alibaba.nacos.plugin.datasource.impl.derby.HistoryConfigInfoMapperByDerby) datasource(derby) tableName(his_config_info) successfully.

2026-10-04 22:14:34,680 INFO [MapperManager] Load Mapper(class com.alibaba.nacos.plugin.datasource.impl.derby.TenantInfoMapperByDerby) datasource(derby) tableName(tenant_info) successfully.

2026-10-04 22:14:34,680 INFO [MapperManager] Load Mapper(class com.alibaba.nacos.plugin.datasource.impl.derby.TenantCapacityMapperByDerby) datasource(derby) tableName(tenant_capacity) successfully.

2026-10-04 22:14:34,680 INFO [MapperManager] Load Mapper(class com.alibaba.nacos.plugin.datasource.impl.derby.GroupCapacityMapperByDerby) datasource(derby) tableName(group_capacity) successfully.

2026-10-04 22:14:36,349 INFO Fail to find connection runtime ejector for name nacos,use default

2026-10-04 22:14:36,481 INFO Not configure type of control plugin, no limit control for current node.

2026-10-04 22:14:36,486 INFO Load connection metrics collector,size=2,[com.alibaba.nacos.config.server.service.LongPollingConnectionMetricsCollector@20cece0b, com.alibaba.nacos.core.remote.LongConnectionMetricsCollector@5f038248]

2026-10-04 22:14:36,487 INFO No connection rule content found ,use default empty rule 

2026-10-04 22:14:36,496 INFO ConnectionMetrics, totalCount = 0, detail = {long_connection=0, long_polling=0}

2026-10-04 22:14:36,504 INFO No tps control rule of CONFIG_PUSH_COUNT found,content =null  

2026-10-04 22:14:36,504 WARN Tps point for CONFIG_PUSH_COUNT registered, But tps control manager is no limit implementation.

2026-10-04 22:14:36,504 INFO No tps control rule of CONFIG_PUSH_SUCCESS found,content =null  

2026-10-04 22:14:36,504 WARN Tps point for CONFIG_PUSH_SUCCESS registered, But tps control manager is no limit implementation.

2026-10-04 22:14:36,504 INFO No tps control rule of CONFIG_PUSH_FAIL found,content =null  

2026-10-04 22:14:36,504 WARN Tps point for CONFIG_PUSH_FAIL registered, But tps control manager is no limit implementation.

2026-10-04 22:14:37,176 INFO Ready to get current node abilities...

2026-10-04 22:14:37,181 INFO Ready to initialize current node abilities, support modes: [CLUSTER_CLIENT, SERVER, SDK_CLIENT]

2026-10-04 22:14:37,181 INFO Initialize current abilities finish...

2026-10-04 22:14:37,183 INFO Ready to get current node abilities...

2026-10-04 22:14:37,183 INFO Ready to initialize current node abilities, support modes: [SDK_CLIENT]

2026-10-04 22:14:37,183 INFO Initialize current abilities finish...

2026-10-04 22:14:37,184 INFO [AbilityControlManager] Successfully initialize AbilityControlManager

2026-10-04 22:14:37,362 INFO Connection check task start

2026-10-04 22:14:37,362 INFO Long connection metrics detail ,Total count =0, sdkCount=0,clusterCount=0

2026-10-04 22:14:37,363 INFO Out dated connection ,size=0

2026-10-04 22:14:37,363 INFO Connection check task end

2026-10-04 22:14:39,285 INFO Will secure any request with [org.springframework.security.web.session.DisableEncodeUrlFilter@77f991c, org.springframework.security.web.context.request.async.WebAsyncManagerIntegrationFilter@3a7e365, org.springframework.security.web.context.SecurityContextPersistenceFilter@a09303, org.springframework.security.web.header.HeaderWriterFilter@3ba3d4b6, org.springframework.security.web.csrf.CsrfFilter@3e1fd62b, org.springframework.security.web.authentication.logout.LogoutFilter@696db620, org.springframework.security.web.savedrequest.RequestCacheAwareFilter@322ba549, org.springframework.security.web.servletapi.SecurityContextHolderAwareRequestFilter@502a4156, org.springframework.security.web.authentication.AnonymousAuthenticationFilter@2ceee4b6, org.springframework.security.web.session.SessionManagementFilter@1642eeae, org.springframework.security.web.access.ExceptionTranslationFilter@3b55dd15]

2026-10-04 22:14:39,508 INFO ConnectionMetrics, totalCount = 0, detail = {long_connection=0, long_polling=0}

2026-10-04 22:14:40,107 INFO Adding welcome page: class path resource [static/index.html]

2026-10-04 22:14:40,382 INFO Connection check task start

2026-10-04 22:14:40,382 INFO Long connection metrics detail ,Total count =0, sdkCount=0,clusterCount=0

2026-10-04 22:14:40,382 INFO Out dated connection ,size=0

2026-10-04 22:14:40,382 INFO Connection check task end

2026-10-04 22:14:40,869 INFO Exposing 1 endpoint(s) beneath base path '/actuator'

2026-10-04 22:14:40,906 WARN You are asking Spring Security to ignore Ant [pattern='/**']. This is not recommended -- please use permitAll via HttpSecurity#authorizeHttpRequests instead.

2026-10-04 22:14:40,906 INFO Will not secure Ant [pattern='/**']

2026-10-04 22:14:40,908 WARN You are asking Spring Security to ignore Mvc [pattern='/prometheus']. This is not recommended -- please use permitAll via HttpSecurity#authorizeHttpRequests instead.

2026-10-04 22:14:40,909 INFO Will not secure Mvc [pattern='/prometheus']

2026-10-04 22:14:40,909 WARN You are asking Spring Security to ignore Mvc [pattern='/prometheus/namespaceId/{namespaceId}']. This is not recommended -- please use permitAll via HttpSecurity#authorizeHttpRequests instead.

2026-10-04 22:14:40,909 INFO Will not secure Mvc [pattern='/prometheus/namespaceId/{namespaceId}']

2026-10-04 22:14:40,909 WARN You are asking Spring Security to ignore Mvc [pattern='/prometheus/namespaceId/{namespaceId}/service/{service}']. This is not recommended -- please use permitAll via HttpSecurity#authorizeHttpRequests instead.

2026-10-04 22:14:40,910 INFO Will not secure Mvc [pattern='/prometheus/namespaceId/{namespaceId}/service/{service}']

2026-10-04 22:14:41,052 INFO Tomcat started on port(s): 8848 (http) with context path '/nacos'

2026-10-04 22:14:41,079 INFO No TaskScheduler/ScheduledExecutorService bean found for scheduled processing

2026-10-04 22:14:41,098 INFO No tps control rule of ConfigQuery found,content =null  

2026-10-04 22:14:41,098 WARN Tps point for ConfigQuery registered, But tps control manager is no limit implementation.

2026-10-04 22:14:41,098 INFO No tps control rule of ClusterConfigChangeNotify found,content =null  

2026-10-04 22:14:41,098 WARN Tps point for ClusterConfigChangeNotify registered, But tps control manager is no limit implementation.

2026-10-04 22:14:41,099 INFO No tps control rule of ConfigListen found,content =null  

2026-10-04 22:14:41,099 WARN Tps point for ConfigListen registered, But tps control manager is no limit implementation.

2026-10-04 22:14:41,099 INFO No tps control rule of ConfigRemove found,content =null  

2026-10-04 22:14:41,099 WARN Tps point for ConfigRemove registered, But tps control manager is no limit implementation.

2026-10-04 22:14:41,100 INFO No tps control rule of ConfigPublish found,content =null  

2026-10-04 22:14:41,100 WARN Tps point for ConfigPublish registered, But tps control manager is no limit implementation.

2026-10-04 22:14:41,100 INFO No tps control rule of HealthCheck found,content =null  

2026-10-04 22:14:41,100 WARN Tps point for HealthCheck registered, But tps control manager is no limit implementation.

2026-10-04 22:14:41,100 INFO No tps control rule of RemoteNamingServiceQuery found,content =null  

2026-10-04 22:14:41,100 WARN Tps point for RemoteNamingServiceQuery registered, But tps control manager is no limit implementation.

2026-10-04 22:14:41,101 INFO No tps control rule of RemoteNamingInstanceBatchRegister found,content =null  

2026-10-04 22:14:41,101 WARN Tps point for RemoteNamingInstanceBatchRegister registered, But tps control manager is no limit implementation.

2026-10-04 22:14:41,101 INFO No tps control rule of RemoteNamingInstanceRegisterDeregister found,content =null  

2026-10-04 22:14:41,101 WARN Tps point for RemoteNamingInstanceRegisterDeregister registered, But tps control manager is no limit implementation.

2026-10-04 22:14:41,101 INFO No tps control rule of RemoteNamingServiceListQuery found,content =null  

2026-10-04 22:14:41,101 WARN Tps point for RemoteNamingServiceListQuery registered, But tps control manager is no limit implementation.

2026-10-04 22:14:41,101 INFO No tps control rule of RemoteNamingServiceSubscribeUnSubscribe found,content =null  

2026-10-04 22:14:41,101 WARN Tps point for RemoteNamingServiceSubscribeUnSubscribe registered, But tps control manager is no limit implementation.

2026-10-04 22:14:41,102 WARN Tps point for RemoteNamingInstanceRegisterDeregister registered, But tps control manager is no limit implementation.

2026-10-04 22:14:41,102 INFO No tps control rule of NamingServiceQuery found,content =null  

2026-10-04 22:14:41,102 WARN Tps point for NamingServiceQuery registered, But tps control manager is no limit implementation.

2026-10-04 22:14:41,103 INFO No tps control rule of NamingServiceDeregister found,content =null  

2026-10-04 22:14:41,103 WARN Tps point for NamingServiceDeregister registered, But tps control manager is no limit implementation.

2026-10-04 22:14:41,103 INFO No tps control rule of NamingInstanceRegister found,content =null  

2026-10-04 22:14:41,103 WARN Tps point for NamingInstanceRegister registered, But tps control manager is no limit implementation.

2026-10-04 22:14:41,103 INFO No tps control rule of NamingServiceSubscribe found,content =null  

2026-10-04 22:14:41,103 WARN Tps point for NamingServiceSubscribe registered, But tps control manager is no limit implementation.

2026-10-04 22:14:41,103 WARN Tps point for ConfigPublish registered, But tps control manager is no limit implementation.

2026-10-04 22:14:41,103 WARN Tps point for NamingServiceQuery registered, But tps control manager is no limit implementation.

2026-10-04 22:14:41,103 INFO No tps control rule of NamingServiceUpdate found,content =null  

2026-10-04 22:14:41,103 WARN Tps point for NamingServiceUpdate registered, But tps control manager is no limit implementation.

2026-10-04 22:14:41,103 INFO No tps control rule of NamingInstanceMetadataUpdate found,content =null  

2026-10-04 22:14:41,103 WARN Tps point for NamingInstanceMetadataUpdate registered, But tps control manager is no limit implementation.

2026-10-04 22:14:41,103 INFO No tps control rule of NamingInstanceDeregister found,content =null  

2026-10-04 22:14:41,104 WARN Tps point for NamingInstanceDeregister registered, But tps control manager is no limit implementation.

2026-10-04 22:14:41,104 INFO No tps control rule of NamingInstanceQuery found,content =null  

2026-10-04 22:14:41,104 WARN Tps point for NamingInstanceQuery registered, But tps control manager is no limit implementation.

2026-10-04 22:14:41,104 WARN Tps point for NamingServiceDeregister registered, But tps control manager is no limit implementation.

2026-10-04 22:14:41,104 WARN Tps point for NamingInstanceRegister registered, But tps control manager is no limit implementation.

2026-10-04 22:14:41,104 INFO No tps control rule of NamingServiceListQuery found,content =null  

2026-10-04 22:14:41,104 WARN Tps point for NamingServiceListQuery registered, But tps control manager is no limit implementation.

2026-10-04 22:14:41,104 WARN Tps point for NamingServiceUpdate registered, But tps control manager is no limit implementation.

2026-10-04 22:14:41,104 INFO No tps control rule of HttpHealthCheck found,content =null  

2026-10-04 22:14:41,104 WARN Tps point for HttpHealthCheck registered, But tps control manager is no limit implementation.

2026-10-04 22:14:41,105 INFO No tps control rule of NamingInstanceUpdate found,content =null  

2026-10-04 22:14:41,105 WARN Tps point for NamingInstanceUpdate registered, But tps control manager is no limit implementation.

2026-10-04 22:14:41,105 WARN Tps point for NamingInstanceMetadataUpdate registered, But tps control manager is no limit implementation.

2026-10-04 22:14:41,105 WARN Tps point for HttpHealthCheck registered, But tps control manager is no limit implementation.

2026-10-04 22:14:41,105 WARN Tps point for ConfigQuery registered, But tps control manager is no limit implementation.

2026-10-04 22:14:41,105 WARN Tps point for NamingInstanceQuery registered, But tps control manager is no limit implementation.

2026-10-04 22:14:41,105 WARN Tps point for NamingInstanceMetadataUpdate registered, But tps control manager is no limit implementation.

2026-10-04 22:14:41,105 INFO No tps control rule of NamingServiceRegister found,content =null  

2026-10-04 22:14:41,105 WARN Tps point for NamingServiceRegister registered, But tps control manager is no limit implementation.

2026-10-04 22:14:41,105 WARN Tps point for NamingInstanceUpdate registered, But tps control manager is no limit implementation.

2026-10-04 22:14:41,106 WARN Tps point for NamingServiceListQuery registered, But tps control manager is no limit implementation.

2026-10-04 22:14:41,106 WARN Tps point for NamingInstanceDeregister registered, But tps control manager is no limit implementation.

2026-10-04 22:14:41,106 WARN Tps point for NamingInstanceMetadataUpdate registered, But tps control manager is no limit implementation.

2026-10-04 22:14:41,106 WARN Tps point for NamingServiceRegister registered, But tps control manager is no limit implementation.

2026-10-04 22:14:41,106 WARN Tps point for NamingServiceSubscribe registered, But tps control manager is no limit implementation.

2026-10-04 22:14:41,110 INFO Started Nacos in 16.519 seconds (JVM running for 17.587)

2026-10-04 22:14:41,111 INFO Nacos started successfully in stand alone mode. use embedded storage

2026-10-04 22:14:42,521 INFO ConnectionMetrics, totalCount = 0, detail = {long_connection=0, long_polling=0}

2026-10-04 22:14:43,385 INFO Connection check task start

2026-10-04 22:14:43,385 INFO Long connection metrics detail ,Total count =0, sdkCount=0,clusterCount=0

2026-10-04 22:14:43,385 INFO Out dated connection ,size=0

2026-10-04 22:14:43,385 INFO Connection check task end

2026-10-04 22:14:45,536 INFO ConnectionMetrics, totalCount = 0, detail = {long_connection=0, long_polling=0}

2026-10-04 22:14:46,399 INFO Connection check task start

2026-10-04 22:14:46,399 INFO Long connection metrics detail ,Total count =0, sdkCount=0,clusterCount=0

2026-10-04 22:14:46,399 INFO Out dated connection ,size=0

2026-10-04 22:14:46,399 INFO Connection check task end

2026-10-04 22:14:48,552 INFO ConnectionMetrics, totalCount = 0, detail = {long_connection=0, long_polling=0}

2026-10-04 22:14:49,414 INFO Connection check task start

2026-10-04 22:14:49,414 INFO Long connection metrics detail ,Total count =0, sdkCount=0,clusterCount=0

2026-10-04 22:14:49,414 INFO Out dated connection ,size=0

2026-10-04 22:14:49,414 INFO Connection check task end

2026-10-04 22:14:51,566 INFO ConnectionMetrics, totalCount = 0, detail = {long_connection=0, long_polling=0}

2026-10-04 22:14:52,428 INFO Connection check task start

2026-10-04 22:14:52,428 INFO Long connection metrics detail ,Total count =0, sdkCount=0,clusterCount=0

2026-10-04 22:14:52,429 INFO Out dated connection ,size=0

2026-10-04 22:14:52,429 INFO Connection check task end

2026-10-04 22:14:54,572 INFO ConnectionMetrics, totalCount = 0, detail = {long_connection=0, long_polling=0}

2026-10-04 22:14:55,444 INFO Connection check task start

2026-10-04 22:14:55,444 INFO Long connection metrics detail ,Total count =0, sdkCount=0,clusterCount=0

2026-10-04 22:14:55,444 INFO Out dated connection ,size=0

2026-10-04 22:14:55,444 INFO Connection check task end

2026-10-04 22:14:57,584 INFO ConnectionMetrics, totalCount = 0, detail = {long_connection=0, long_polling=0}

2026-10-04 22:14:58,456 INFO Connection check task start

2026-10-04 22:14:58,456 INFO Long connection metrics detail ,Total count =0, sdkCount=0,clusterCount=0

2026-10-04 22:14:58,456 INFO Out dated connection ,size=0

2026-10-04 22:14:58,456 INFO Connection check task end

2026-10-04 22:15:00,590 INFO ConnectionMetrics, totalCount = 0, detail = {long_connection=0, long_polling=0}

2026-10-04 22:15:01,468 INFO Connection check task start

2026-10-04 22:15:01,469 INFO Long connection metrics detail ,Total count =0, sdkCount=0,clusterCount=0

2026-10-04 22:15:01,469 INFO Out dated connection ,size=0

2026-10-04 22:15:01,469 INFO Connection check task end

2026-10-04 22:15:03,603 INFO ConnectionMetrics, totalCount = 0, detail = {long_connection=0, long_polling=0}

2026-10-04 22:15:04,480 INFO Connection check task start

2026-10-04 22:15:04,481 INFO Long connection metrics detail ,Total count =0, sdkCount=0,clusterCount=0

2026-10-04 22:15:04,481 INFO Out dated connection ,size=0

2026-10-04 22:15:04,481 INFO Connection check task end

2026-10-04 22:15:06,608 INFO ConnectionMetrics, totalCount = 0, detail = {long_connection=0, long_polling=0}

2026-10-04 22:15:07,483 INFO Connection check task start

2026-10-04 22:15:07,483 INFO Long connection metrics detail ,Total count =0, sdkCount=0,clusterCount=0

2026-10-04 22:15:07,483 INFO Out dated connection ,size=0

2026-10-04 22:15:07,483 INFO Connection check task end

2026-10-04 22:15:09,631 INFO ConnectionMetrics, totalCount = 0, detail = {long_connection=0, long_polling=0}

2026-10-04 22:15:10,496 INFO Connection check task start

2026-10-04 22:15:10,496 INFO Long connection metrics detail ,Total count =0, sdkCount=0,clusterCount=0

2026-10-04 22:15:10,496 INFO Out dated connection ,size=0

2026-10-04 22:15:10,496 INFO Connection check task end

2026-10-04 22:15:12,640 INFO ConnectionMetrics, totalCount = 0, detail = {long_connection=0, long_polling=0}

2026-10-04 22:15:13,500 INFO Connection check task start

2026-10-04 22:15:13,500 INFO Long connection metrics detail ,Total count =0, sdkCount=0,clusterCount=0

2026-10-04 22:15:13,500 INFO Out dated connection ,size=0

2026-10-04 22:15:13,500 INFO Connection check task end

2026-10-04 22:15:15,646 INFO ConnectionMetrics, totalCount = 0, detail = {long_connection=0, long_polling=0}

2026-10-04 22:15:16,508 INFO Connection check task start

2026-10-04 22:15:16,508 INFO Long connection metrics detail ,Total count =0, sdkCount=0,clusterCount=0

2026-10-04 22:15:16,508 INFO Out dated connection ,size=0

2026-10-04 22:15:16,508 INFO Connection check task end

2026-10-04 22:15:18,653 INFO ConnectionMetrics, totalCount = 0, detail = {long_connection=0, long_polling=0}

2026-10-04 22:15:19,511 INFO Connection check task start

2026-10-04 22:15:19,511 INFO Long connection metrics detail ,Total count =0, sdkCount=0,clusterCount=0

2026-10-04 22:15:19,511 INFO Out dated connection ,size=0

2026-10-04 22:15:19,511 INFO Connection check task end

2026-10-04 22:15:21,662 INFO ConnectionMetrics, totalCount = 0, detail = {long_connection=0, long_polling=0}

2026-10-04 22:15:22,521 INFO Connection check task start

2026-10-04 22:15:22,521 INFO Long connection metrics detail ,Total count =0, sdkCount=0,clusterCount=0

2026-10-04 22:15:22,521 INFO Out dated connection ,size=0

2026-10-04 22:15:22,521 INFO Connection check task end

2026-10-04 22:15:24,669 INFO ConnectionMetrics, totalCount = 0, detail = {long_connection=0, long_polling=0}

2026-10-04 22:15:25,531 INFO Connection check task start

2026-10-04 22:15:25,531 INFO Long connection metrics detail ,Total count =0, sdkCount=0,clusterCount=0

2026-10-04 22:15:25,531 INFO Out dated connection ,size=0

2026-10-04 22:15:25,531 INFO Connection check task end

2026-10-04 22:15:27,684 INFO ConnectionMetrics, totalCount = 0, detail = {long_connection=0, long_polling=0}

2026-10-04 22:15:28,535 INFO Connection check task start

2026-10-04 22:15:28,535 INFO Long connection metrics detail ,Total count =0, sdkCount=0,clusterCount=0

2026-10-04 22:15:28,535 INFO Out dated connection ,size=0

2026-10-04 22:15:28,535 INFO Connection check task end

2026-10-04 22:15:30,696 INFO ConnectionMetrics, totalCount = 0, detail = {long_connection=0, long_polling=0}

2026-10-04 22:15:31,550 INFO Connection check task start

2026-10-04 22:15:31,550 INFO Long connection metrics detail ,Total count =0, sdkCount=0,clusterCount=0

2026-10-04 22:15:31,550 INFO Out dated connection ,size=0

2026-10-04 22:15:31,550 INFO Connection check task end

2026-10-04 22:15:33,704 INFO ConnectionMetrics, totalCount = 0, detail = {long_connection=0, long_polling=0}

2026-10-04 22:15:34,556 INFO Connection check task start

2026-10-04 22:15:34,556 INFO Long connection metrics detail ,Total count =0, sdkCount=0,clusterCount=0

2026-10-04 22:15:34,556 INFO Out dated connection ,size=0

2026-10-04 22:15:34,556 INFO Connection check task end

2026-10-04 22:15:36,714 INFO ConnectionMetrics, totalCount = 0, detail = {long_connection=0, long_polling=0}

2026-10-04 22:15:37,558 INFO Connection check task start

2026-10-04 22:15:37,558 INFO Long connection metrics detail ,Total count =0, sdkCount=0,clusterCount=0

2026-10-04 22:15:37,558 INFO Out dated connection ,size=0

2026-10-04 22:15:37,558 INFO Connection check task end

2026-10-04 22:15:39,722 INFO ConnectionMetrics, totalCount = 0, detail = {long_connection=0, long_polling=0}

2026-10-04 22:15:40,567 INFO Connection check task start

2026-10-04 22:15:40,567 INFO Long connection metrics detail ,Total count =0, sdkCount=0,clusterCount=0

2026-10-04 22:15:40,567 INFO Out dated connection ,size=0

2026-10-04 22:15:40,567 INFO Connection check task end

2026-10-04 22:15:42,735 INFO ConnectionMetrics, totalCount = 0, detail = {long_connection=0, long_polling=0}

2026-10-04 22:15:43,568 INFO Connection check task start

2026-10-04 22:15:43,568 INFO Long connection metrics detail ,Total count =0, sdkCount=0,clusterCount=0

2026-10-04 22:15:43,568 INFO Out dated connection ,size=0

2026-10-04 22:15:43,568 INFO Connection check task end

2026-10-04 22:15:45,750 INFO ConnectionMetrics, totalCount = 0, detail = {long_connection=0, long_polling=0}

2026-10-04 22:15:46,569 INFO Connection check task start

2026-10-04 22:15:46,569 INFO Long connection metrics detail ,Total count =0, sdkCount=0,clusterCount=0

2026-10-04 22:15:46,569 INFO Out dated connection ,size=0

2026-10-04 22:15:46,569 INFO Connection check task end

2026-10-04 22:15:48,759 INFO ConnectionMetrics, totalCount = 0, detail = {long_connection=0, long_polling=0}

2026-10-04 22:15:49,585 INFO Connection check task start

2026-10-04 22:15:49,585 INFO Long connection metrics detail ,Total count =0, sdkCount=0,clusterCount=0

2026-10-04 22:15:49,585 INFO Out dated connection ,size=0

2026-10-04 22:15:49,585 INFO Connection check task end

2026-10-04 22:15:51,769 INFO ConnectionMetrics, totalCount = 0, detail = {long_connection=0, long_polling=0}

2026-10-04 22:15:52,593 INFO Connection check task start

2026-10-04 22:15:52,593 INFO Long connection metrics detail ,Total count =0, sdkCount=0,clusterCount=0

2026-10-04 22:15:52,593 INFO Out dated connection ,size=0

2026-10-04 22:15:52,593 INFO Connection check task end

2026-10-04 22:15:54,775 INFO ConnectionMetrics, totalCount = 0, detail = {long_connection=0, long_polling=0}

2026-10-04 22:15:55,606 INFO Connection check task start

2026-10-04 22:15:55,606 INFO Long connection metrics detail ,Total count =0, sdkCount=0,clusterCount=0

2026-10-04 22:15:55,606 INFO Out dated connection ,size=0

2026-10-04 22:15:55,606 INFO Connection check task end

2026-10-04 22:15:57,780 INFO ConnectionMetrics, totalCount = 0, detail = {long_connection=0, long_polling=0}

2026-10-04 22:15:58,620 INFO Connection check task start

2026-10-04 22:15:58,620 INFO Long connection metrics detail ,Total count =0, sdkCount=0,clusterCount=0

2026-10-04 22:15:58,620 INFO Out dated connection ,size=0

2026-10-04 22:15:58,620 INFO Connection check task end

2026-10-04 22:16:00,781 INFO ConnectionMetrics, totalCount = 0, detail = {long_connection=0, long_polling=0}

2026-10-04 22:16:01,636 INFO Connection check task start

2026-10-04 22:16:01,637 INFO Long connection metrics detail ,Total count =0, sdkCount=0,clusterCount=0

2026-10-04 22:16:01,637 INFO Out dated connection ,size=0

2026-10-04 22:16:01,637 INFO Connection check task end

2026-10-04 22:16:03,783 INFO ConnectionMetrics, totalCount = 0, detail = {long_connection=0, long_polling=0}

2026-10-04 22:16:04,642 INFO Connection check task start

2026-10-04 22:16:04,642 INFO Long connection metrics detail ,Total count =0, sdkCount=0,clusterCount=0

2026-10-04 22:16:04,642 INFO Out dated connection ,size=0

2026-10-04 22:16:04,642 INFO Connection check task end

2026-10-04 22:16:06,784 INFO ConnectionMetrics, totalCount = 0, detail = {long_connection=0, long_polling=0}

2026-10-04 22:16:07,646 INFO Connection check task start

2026-10-04 22:16:07,646 INFO Long connection metrics detail ,Total count =0, sdkCount=0,clusterCount=0

2026-10-04 22:16:07,646 INFO Out dated connection ,size=0

2026-10-04 22:16:07,646 INFO Connection check task end

2026-10-04 22:16:09,796 INFO ConnectionMetrics, totalCount = 0, detail = {long_connection=0, long_polling=0}

2026-10-04 22:16:10,649 INFO Connection check task start

2026-10-04 22:16:10,650 INFO Long connection metrics detail ,Total count =0, sdkCount=0,clusterCount=0

2026-10-04 22:16:10,650 INFO Out dated connection ,size=0

2026-10-04 22:16:10,650 INFO Connection check task end

2026-10-04 22:16:12,808 INFO ConnectionMetrics, totalCount = 0, detail = {long_connection=0, long_polling=0}

2026-10-04 22:16:13,656 INFO Connection check task start

2026-10-04 22:16:13,656 INFO Long connection metrics detail ,Total count =0, sdkCount=0,clusterCount=0

2026-10-04 22:16:13,656 INFO Out dated connection ,size=0

2026-10-04 22:16:13,656 INFO Connection check task end

2026-10-04 22:16:15,818 INFO ConnectionMetrics, totalCount = 0, detail = {long_connection=0, long_polling=0}

2026-10-04 22:16:16,666 INFO Connection check task start

2026-10-04 22:16:16,666 INFO Long connection metrics detail ,Total count =0, sdkCount=0,clusterCount=0

2026-10-04 22:16:16,666 INFO Out dated connection ,size=0

2026-10-04 22:16:16,666 INFO Connection check task end

2026-10-04 22:16:18,831 INFO ConnectionMetrics, totalCount = 0, detail = {long_connection=0, long_polling=0}

2026-10-04 22:16:19,677 INFO Connection check task start

2026-10-04 22:16:19,677 INFO Long connection metrics detail ,Total count =0, sdkCount=0,clusterCount=0

2026-10-04 22:16:19,677 INFO Out dated connection ,size=0

2026-10-04 22:16:19,677 INFO Connection check task end

2026-10-04 22:16:21,842 INFO ConnectionMetrics, totalCount = 0, detail = {long_connection=0, long_polling=0}

2026-10-04 22:16:22,687 INFO Connection check task start

2026-10-04 22:16:22,687 INFO Long connection metrics detail ,Total count =0, sdkCount=0,clusterCount=0

2026-10-04 22:16:22,687 INFO Out dated connection ,size=0

2026-10-04 22:16:22,687 INFO Connection check task end

2026-10-04 22:16:24,847 INFO ConnectionMetrics, totalCount = 0, detail = {long_connection=0, long_polling=0}

2026-10-04 22:16:25,692 INFO Connection check task start

2026-10-04 22:16:25,692 INFO Long connection metrics detail ,Total count =0, sdkCount=0,clusterCount=0

2026-10-04 22:16:25,692 INFO Out dated connection ,size=0

2026-10-04 22:16:25,692 INFO Connection check task end

2026-10-04 22:16:27,862 INFO ConnectionMetrics, totalCount = 0, detail = {long_connection=0, long_polling=0}

2026-10-04 22:16:28,707 INFO Connection check task start

2026-10-04 22:16:28,707 INFO Long connection metrics detail ,Total count =0, sdkCount=0,clusterCount=0

2026-10-04 22:16:28,707 INFO Out dated connection ,size=0

2026-10-04 22:16:28,707 INFO Connection check task end

2026-10-04 22:16:30,865 INFO ConnectionMetrics, totalCount = 0, detail = {long_connection=0, long_polling=0}

2026-10-04 22:16:31,710 INFO Connection check task start

2026-10-04 22:16:31,710 INFO Long connection metrics detail ,Total count =0, sdkCount=0,clusterCount=0

2026-10-04 22:16:31,710 INFO Out dated connection ,size=0

2026-10-04 22:16:31,710 INFO Connection check task end

2026-10-04 22:16:33,874 INFO ConnectionMetrics, totalCount = 0, detail = {long_connection=0, long_polling=0}

2026-10-04 22:16:34,721 INFO Connection check task start

2026-10-04 22:16:34,721 INFO Long connection metrics detail ,Total count =0, sdkCount=0,clusterCount=0

2026-10-04 22:16:34,721 INFO Out dated connection ,size=0

2026-10-04 22:16:34,721 INFO Connection check task end

2026-10-04 22:16:36,883 INFO ConnectionMetrics, totalCount = 0, detail = {long_connection=0, long_polling=0}

2026-10-04 22:16:37,732 INFO Connection check task start

2026-10-04 22:16:37,732 INFO Long connection metrics detail ,Total count =0, sdkCount=0,clusterCount=0

2026-10-04 22:16:37,732 INFO Out dated connection ,size=0

2026-10-04 22:16:37,732 INFO Connection check task end

2026-10-04 22:16:39,885 INFO ConnectionMetrics, totalCount = 0, detail = {long_connection=0, long_polling=0}

2026-10-04 22:16:40,734 INFO Connection check task start

2026-10-04 22:16:40,734 INFO Long connection metrics detail ,Total count =0, sdkCount=0,clusterCount=0

2026-10-04 22:16:40,734 INFO Out dated connection ,size=0

2026-10-04 22:16:40,734 INFO Connection check task end

2026-10-04 22:16:42,889 INFO ConnectionMetrics, totalCount = 0, detail = {long_connection=0, long_polling=0}

2026-10-04 22:16:43,738 INFO Connection check task start

2026-10-04 22:16:43,738 INFO Long connection metrics detail ,Total count =0, sdkCount=0,clusterCount=0

2026-10-04 22:16:43,738 INFO Out dated connection ,size=0

2026-10-04 22:16:43,738 INFO Connection check task end

2026-10-04 22:16:45,903 INFO ConnectionMetrics, totalCount = 0, detail = {long_connection=0, long_polling=0}

2026-10-04 22:16:46,747 INFO Connection check task start

2026-10-04 22:16:46,747 INFO Long connection metrics detail ,Total count =0, sdkCount=0,clusterCount=0

2026-10-04 22:16:46,747 INFO Out dated connection ,size=0

2026-10-04 22:16:46,747 INFO Connection check task end

2026-10-04 22:16:48,904 INFO ConnectionMetrics, totalCount = 0, detail = {long_connection=0, long_polling=0}

2026-10-04 22:16:49,753 INFO Connection check task start

2026-10-04 22:16:49,753 INFO Long connection metrics detail ,Total count =0, sdkCount=0,clusterCount=0

2026-10-04 22:16:49,753 INFO Out dated connection ,size=0

2026-10-04 22:16:49,753 INFO Connection check task end

2026-10-04 22:16:51,907 INFO ConnectionMetrics, totalCount = 0, detail = {long_connection=0, long_polling=0}

2026-10-04 22:16:52,756 INFO Connection check task start

2026-10-04 22:16:52,756 INFO Long connection metrics detail ,Total count =0, sdkCount=0,clusterCount=0

2026-10-04 22:16:52,756 INFO Out dated connection ,size=0

2026-10-04 22:16:52,756 INFO Connection check task end

2026-10-04 22:16:54,919 INFO ConnectionMetrics, totalCount = 0, detail = {long_connection=0, long_polling=0}

2026-10-04 22:16:55,770 INFO Connection check task start

2026-10-04 22:16:55,770 INFO Long connection metrics detail ,Total count =0, sdkCount=0,clusterCount=0

2026-10-04 22:16:55,770 INFO Out dated connection ,size=0

2026-10-04 22:16:55,770 INFO Connection check task end

2026-10-04 22:16:57,922 INFO ConnectionMetrics, totalCount = 0, detail = {long_connection=0, long_polling=0}

2026-10-04 22:16:58,783 INFO Connection check task start

2026-10-04 22:16:58,783 INFO Long connection metrics detail ,Total count =0, sdkCount=0,clusterCount=0

2026-10-04 22:16:58,783 INFO Out dated connection ,size=0

2026-10-04 22:16:58,783 INFO Connection check task end

2026-10-04 22:17:00,927 INFO ConnectionMetrics, totalCount = 0, detail = {long_connection=0, long_polling=0}

2026-10-04 22:17:01,795 INFO Connection check task start

2026-10-04 22:17:01,795 INFO Long connection metrics detail ,Total count =0, sdkCount=0,clusterCount=0

2026-10-04 22:17:01,795 INFO Out dated connection ,size=0

2026-10-04 22:17:01,795 INFO Connection check task end

2026-10-04 22:17:03,938 INFO ConnectionMetrics, totalCount = 0, detail = {long_connection=0, long_polling=0}

2026-10-04 22:17:04,801 INFO Connection check task start

2026-10-04 22:17:04,801 INFO Long connection metrics detail ,Total count =0, sdkCount=0,clusterCount=0

2026-10-04 22:17:04,801 INFO Out dated connection ,size=0

2026-10-04 22:17:04,801 INFO Connection check task end

2026-10-04 22:17:06,940 INFO ConnectionMetrics, totalCount = 0, detail = {long_connection=0, long_polling=0}

2026-10-04 22:17:07,808 INFO Connection check task start

2026-10-04 22:17:07,808 INFO Long connection metrics detail ,Total count =0, sdkCount=0,clusterCount=0

2026-10-04 22:17:07,808 INFO Out dated connection ,size=0

2026-10-04 22:17:07,808 INFO Connection check task end

2026-10-04 22:17:09,953 INFO ConnectionMetrics, totalCount = 0, detail = {long_connection=0, long_polling=0}

2026-10-04 22:17:10,814 INFO Connection check task start

2026-10-04 22:17:10,814 INFO Long connection metrics detail ,Total count =0, sdkCount=0,clusterCount=0

2026-10-04 22:17:10,814 INFO Out dated connection ,size=0

2026-10-04 22:17:10,814 INFO Connection check task end

2026-10-04 22:17:12,958 INFO ConnectionMetrics, totalCount = 0, detail = {long_connection=0, long_polling=0}

2026-10-04 22:17:13,815 INFO Connection check task start

2026-10-04 22:17:13,815 INFO Long connection metrics detail ,Total count =0, sdkCount=0,clusterCount=0

2026-10-04 22:17:13,815 INFO Out dated connection ,size=0

2026-10-04 22:17:13,815 INFO Connection check task end

2026-10-04 22:17:15,964 INFO ConnectionMetrics, totalCount = 0, detail = {long_connection=0, long_polling=0}

2026-10-04 22:17:16,824 INFO Connection check task start

2026-10-04 22:17:16,824 INFO Long connection metrics detail ,Total count =0, sdkCount=0,clusterCount=0

2026-10-04 22:17:16,824 INFO Out dated connection ,size=0

2026-10-04 22:17:16,824 INFO Connection check task end

2026-10-04 22:17:18,980 INFO ConnectionMetrics, totalCount = 0, detail = {long_connection=0, long_polling=0}

2026-10-04 22:17:19,835 INFO Connection check task start

2026-10-04 22:17:19,835 INFO Long connection metrics detail ,Total count =0, sdkCount=0,clusterCount=0

2026-10-04 22:17:19,835 INFO Out dated connection ,size=0

2026-10-04 22:17:19,835 INFO Connection check task end

2026-10-04 22:17:21,996 INFO ConnectionMetrics, totalCount = 0, detail = {long_connection=0, long_polling=0}

2026-10-04 22:17:22,843 INFO Connection check task start

2026-10-04 22:17:22,843 INFO Long connection metrics detail ,Total count =0, sdkCount=0,clusterCount=0

2026-10-04 22:17:22,843 INFO Out dated connection ,size=0

2026-10-04 22:17:22,843 INFO Connection check task end

2026-10-04 22:17:24,998 INFO ConnectionMetrics, totalCount = 0, detail = {long_connection=0, long_polling=0}

2026-10-04 22:17:25,857 INFO Connection check task start

2026-10-04 22:17:25,857 INFO Long connection metrics detail ,Total count =0, sdkCount=0,clusterCount=0

2026-10-04 22:17:25,857 INFO Out dated connection ,size=0

2026-10-04 22:17:25,857 INFO Connection check task end

2026-10-04 22:17:28,000 INFO ConnectionMetrics, totalCount = 0, detail = {long_connection=0, long_polling=0}

2026-10-04 22:17:28,860 INFO Connection check task start

2026-10-04 22:17:28,860 INFO Long connection metrics detail ,Total count =0, sdkCount=0,clusterCount=0

2026-10-04 22:17:28,860 INFO Out dated connection ,size=0

2026-10-04 22:17:28,860 INFO Connection check task end

2026-10-04 22:17:31,010 INFO ConnectionMetrics, totalCount = 0, detail = {long_connection=0, long_polling=0}

2026-10-04 22:17:31,861 INFO Connection check task start

2026-10-04 22:17:31,866 INFO Long connection metrics detail ,Total count =0, sdkCount=0,clusterCount=0

2026-10-04 22:17:31,866 INFO Out dated connection ,size=0

2026-10-04 22:17:31,868 INFO Connection check task end

2026-10-04 22:17:34,021 INFO ConnectionMetrics, totalCount = 0, detail = {long_connection=0, long_polling=0}

2026-10-04 22:17:34,879 INFO Connection check task start

2026-10-04 22:17:34,879 INFO Long connection metrics detail ,Total count =0, sdkCount=0,clusterCount=0

2026-10-04 22:17:34,879 INFO Out dated connection ,size=0

2026-10-04 22:17:34,879 INFO Connection check task end

2026-10-04 22:17:37,028 INFO ConnectionMetrics, totalCount = 0, detail = {long_connection=0, long_polling=0}

2026-10-04 22:17:37,891 INFO Connection check task start

2026-10-04 22:17:37,891 INFO Long connection metrics detail ,Total count =0, sdkCount=0,clusterCount=0

2026-10-04 22:17:37,891 INFO Out dated connection ,size=0

2026-10-04 22:17:37,891 INFO Connection check task end

2026-10-04 22:17:40,040 INFO ConnectionMetrics, totalCount = 0, detail = {long_connection=0, long_polling=0}

2026-10-04 22:17:40,903 INFO Connection check task start

2026-10-04 22:17:40,903 INFO Long connection metrics detail ,Total count =0, sdkCount=0,clusterCount=0

2026-10-04 22:17:40,903 INFO Out dated connection ,size=0

2026-10-04 22:17:40,903 INFO Connection check task end

2026-10-04 22:17:43,045 INFO ConnectionMetrics, totalCount = 0, detail = {long_connection=0, long_polling=0}

2026-10-04 22:17:43,911 INFO Connection check task start

2026-10-04 22:17:43,911 INFO Long connection metrics detail ,Total count =0, sdkCount=0,clusterCount=0

2026-10-04 22:17:43,911 INFO Out dated connection ,size=0

2026-10-04 22:17:43,911 INFO Connection check task end

2026-10-04 22:17:46,051 INFO ConnectionMetrics, totalCount = 0, detail = {long_connection=0, long_polling=0}

2026-10-04 22:17:46,913 INFO Connection check task start

2026-10-04 22:17:46,913 INFO Long connection metrics detail ,Total count =0, sdkCount=0,clusterCount=0

2026-10-04 22:17:46,913 INFO Out dated connection ,size=0

2026-10-04 22:17:46,913 INFO Connection check task end

2026-10-04 22:17:49,055 INFO ConnectionMetrics, totalCount = 0, detail = {long_connection=0, long_polling=0}

2026-10-04 22:17:49,920 INFO Connection check task start

2026-10-04 22:17:49,920 INFO Long connection metrics detail ,Total count =0, sdkCount=0,clusterCount=0

2026-10-04 22:17:49,920 INFO Out dated connection ,size=0

2026-10-04 22:17:49,920 INFO Connection check task end

2026-10-04 22:17:52,071 INFO ConnectionMetrics, totalCount = 0, detail = {long_connection=0, long_polling=0}

2026-10-04 22:17:52,924 INFO Connection check task start

2026-10-04 22:17:52,924 INFO Long connection metrics detail ,Total count =0, sdkCount=0,clusterCount=0

2026-10-04 22:17:52,924 INFO Out dated connection ,size=0

2026-10-04 22:17:52,924 INFO Connection check task end

2026-10-04 22:17:55,079 INFO ConnectionMetrics, totalCount = 0, detail = {long_connection=0, long_polling=0}

2026-10-04 22:17:55,935 INFO Connection check task start

2026-10-04 22:17:55,935 INFO Long connection metrics detail ,Total count =0, sdkCount=0,clusterCount=0

2026-10-04 22:17:55,935 INFO Out dated connection ,size=0

2026-10-04 22:17:55,935 INFO Connection check task end

2026-10-04 22:17:58,086 INFO ConnectionMetrics, totalCount = 0, detail = {long_connection=0, long_polling=0}

2026-10-04 22:17:58,942 INFO Connection check task start

2026-10-04 22:17:58,942 INFO Long connection metrics detail ,Total count =0, sdkCount=0,clusterCount=0

2026-10-04 22:17:58,942 INFO Out dated connection ,size=0

2026-10-04 22:17:58,942 INFO Connection check task end

2026-10-04 22:18:01,093 INFO ConnectionMetrics, totalCount = 0, detail = {long_connection=0, long_polling=0}

2026-10-04 22:18:01,956 INFO Connection check task start

2026-10-04 22:18:01,956 INFO Long connection metrics detail ,Total count =0, sdkCount=0,clusterCount=0

2026-10-04 22:18:01,956 INFO Out dated connection ,size=0

2026-10-04 22:18:01,956 INFO Connection check task end

2026-10-04 22:18:04,102 INFO ConnectionMetrics, totalCount = 0, detail = {long_connection=0, long_polling=0}

2026-10-04 22:18:04,968 INFO Connection check task start

2026-10-04 22:18:04,968 INFO Long connection metrics detail ,Total count =0, sdkCount=0,clusterCount=0

2026-10-04 22:18:04,968 INFO Out dated connection ,size=0

2026-10-04 22:18:04,968 INFO Connection check task end

2026-10-04 22:18:07,116 INFO ConnectionMetrics, totalCount = 0, detail = {long_connection=0, long_polling=0}

2026-10-04 22:18:07,980 INFO Connection check task start

2026-10-04 22:18:07,980 INFO Long connection metrics detail ,Total count =0, sdkCount=0,clusterCount=0

2026-10-04 22:18:07,980 INFO Out dated connection ,size=0

2026-10-04 22:18:07,980 INFO Connection check task end

2026-10-04 22:18:10,128 INFO ConnectionMetrics, totalCount = 0, detail = {long_connection=0, long_polling=0}

2026-10-04 22:18:10,993 INFO Connection check task start

2026-10-04 22:18:10,993 INFO Long connection metrics detail ,Total count =0, sdkCount=0,clusterCount=0

2026-10-04 22:18:10,993 INFO Out dated connection ,size=0

2026-10-04 22:18:10,993 INFO Connection check task end

2026-10-04 22:18:13,130 INFO ConnectionMetrics, totalCount = 0, detail = {long_connection=0, long_polling=0}

2026-10-04 22:18:13,995 INFO Connection check task start

2026-10-04 22:18:13,995 INFO Long connection metrics detail ,Total count =0, sdkCount=0,clusterCount=0

2026-10-04 22:18:13,995 INFO Out dated connection ,size=0

2026-10-04 22:18:13,995 INFO Connection check task end

2026-10-04 22:18:16,141 INFO ConnectionMetrics, totalCount = 0, detail = {long_connection=0, long_polling=0}

2026-10-04 22:18:17,000 INFO Connection check task start

2026-10-04 22:18:17,000 INFO Long connection metrics detail ,Total count =0, sdkCount=0,clusterCount=0

2026-10-04 22:18:17,000 INFO Out dated connection ,size=0

2026-10-04 22:18:17,000 INFO Connection check task end

2026-10-04 22:18:19,156 INFO ConnectionMetrics, totalCount = 0, detail = {long_connection=0, long_polling=0}

2026-10-04 22:18:20,005 INFO Connection check task start

2026-10-04 22:18:20,005 INFO Long connection metrics detail ,Total count =0, sdkCount=0,clusterCount=0

2026-10-04 22:18:20,005 INFO Out dated connection ,size=0

2026-10-04 22:18:20,005 INFO Connection check task end

2026-10-04 22:18:22,173 INFO ConnectionMetrics, totalCount = 0, detail = {long_connection=0, long_polling=0}

2026-10-04 22:18:23,012 INFO Connection check task start

2026-10-04 22:18:23,012 INFO Long connection metrics detail ,Total count =0, sdkCount=0,clusterCount=0

2026-10-04 22:18:23,012 INFO Out dated connection ,size=0

2026-10-04 22:18:23,012 INFO Connection check task end

2026-10-04 22:18:25,181 INFO ConnectionMetrics, totalCount = 0, detail = {long_connection=0, long_polling=0}

2026-10-04 22:18:26,027 INFO Connection check task start

2026-10-04 22:18:26,027 INFO Long connection metrics detail ,Total count =0, sdkCount=0,clusterCount=0

2026-10-04 22:18:26,027 INFO Out dated connection ,size=0

2026-10-04 22:18:26,027 INFO Connection check task end

2026-10-04 22:18:28,187 INFO ConnectionMetrics, totalCount = 0, detail = {long_connection=0, long_polling=0}

2026-10-04 22:18:29,040 INFO Connection check task start

2026-10-04 22:18:29,040 INFO Long connection metrics detail ,Total count =0, sdkCount=0,clusterCount=0

2026-10-04 22:18:29,040 INFO Out dated connection ,size=0

2026-10-04 22:18:29,040 INFO Connection check task end

2026-10-04 22:18:30,864 INFO Initializing Spring DispatcherServlet 'dispatcherServlet'

2026-10-04 22:18:30,864 INFO Initializing Servlet 'dispatcherServlet'

2026-10-04 22:18:30,868 INFO Completed initialization in 3 ms

2026-10-04 22:18:30,921 INFO Get ParamCheck config from env, ParamCheckConfig{paramCheckEnabled=trueactiveParamChecker=default}

2026-10-04 22:18:31,193 INFO ConnectionMetrics, totalCount = 0, detail = {long_connection=0, long_polling=0}

2026-10-04 22:18:31,651 INFO [AuthPluginManager] Load AuthPluginService(class com.alibaba.nacos.plugin.auth.impl.NacosAuthPluginService) AuthServiceName(nacos) successfully.

2026-10-04 22:18:31,652 INFO [AuthPluginManager] Load AuthPluginService(class com.alibaba.nacos.plugin.auth.impl.LdapAuthPluginService) AuthServiceName(ldap) successfully.

2026-10-04 22:18:32,051 INFO Connection check task start

2026-10-04 22:18:32,051 INFO Long connection metrics detail ,Total count =0, sdkCount=0,clusterCount=0

2026-10-04 22:18:32,051 INFO Out dated connection ,size=0

2026-10-04 22:18:32,051 INFO Connection check task end

2026-10-04 22:18:34,205 INFO ConnectionMetrics, totalCount = 0, detail = {long_connection=0, long_polling=0}

2026-10-04 22:18:35,066 INFO Connection check task start

2026-10-04 22:18:35,068 INFO Long connection metrics detail ,Total count =0, sdkCount=0,clusterCount=0

2026-10-04 22:18:35,069 INFO Out dated connection ,size=0

2026-10-04 22:18:35,069 INFO Connection check task end

2026-10-04 22:18:37,213 INFO ConnectionMetrics, totalCount = 0, detail = {long_connection=0, long_polling=0}

2026-10-04 22:18:38,082 INFO Connection check task start

2026-10-04 22:18:38,082 INFO Long connection metrics detail ,Total count =0, sdkCount=0,clusterCount=0

2026-10-04 22:18:38,082 INFO Out dated connection ,size=0

2026-10-04 22:18:38,082 INFO Connection check task end

2026-10-04 22:18:40,228 INFO ConnectionMetrics, totalCount = 0, detail = {long_connection=0, long_polling=0}

2026-10-04 22:18:41,088 INFO Connection check task start

2026-10-04 22:18:41,088 INFO Long connection metrics detail ,Total count =0, sdkCount=0,clusterCount=0

2026-10-04 22:18:41,088 INFO Out dated connection ,size=0

2026-10-04 22:18:41,088 INFO Connection check task end

2026-10-04 22:18:43,235 INFO ConnectionMetrics, totalCount = 0, detail = {long_connection=0, long_polling=0}

2026-10-04 22:18:44,094 INFO Connection check task start

2026-10-04 22:18:44,094 INFO Long connection metrics detail ,Total count =0, sdkCount=0,clusterCount=0

2026-10-04 22:18:44,094 INFO Out dated connection ,size=0

2026-10-04 22:18:44,094 INFO Connection check task end

2026-10-04 22:18:46,244 INFO ConnectionMetrics, totalCount = 0, detail = {long_connection=0, long_polling=0}

2026-10-04 22:18:47,103 INFO Connection check task start

2026-10-04 22:18:47,103 INFO Long connection metrics detail ,Total count =0, sdkCount=0,clusterCount=0

2026-10-04 22:18:47,103 INFO Out dated connection ,size=0

2026-10-04 22:18:47,103 INFO Connection check task end

2026-10-04 22:18:49,256 INFO ConnectionMetrics, totalCount = 0, detail = {long_connection=0, long_polling=0}

2026-10-04 22:18:50,105 INFO Connection check task start

2026-10-04 22:18:50,105 INFO Long connection metrics detail ,Total count =0, sdkCount=0,clusterCount=0

2026-10-04 22:18:50,105 INFO Out dated connection ,size=0

2026-10-04 22:18:50,105 INFO Connection check task end

2026-10-04 22:18:52,267 INFO ConnectionMetrics, totalCount = 0, detail = {long_connection=0, long_polling=0}

2026-10-04 22:18:53,112 INFO Connection check task start

2026-10-04 22:18:53,113 INFO Long connection metrics detail ,Total count =0, sdkCount=0,clusterCount=0

2026-10-04 22:18:53,113 INFO Out dated connection ,size=0

2026-10-04 22:18:53,113 INFO Connection check task end

2026-10-04 22:18:55,281 INFO ConnectionMetrics, totalCount = 0, detail = {long_connection=0, long_polling=0}

2026-10-04 22:18:56,127 INFO Connection check task start

2026-10-04 22:18:56,127 INFO Long connection metrics detail ,Total count =0, sdkCount=0,clusterCount=0

2026-10-04 22:18:56,127 INFO Out dated connection ,size=0

2026-10-04 22:18:56,127 INFO Connection check task end

2026-10-04 22:18:58,290 INFO ConnectionMetrics, totalCount = 0, detail = {long_connection=0, long_polling=0}

2026-10-04 22:18:59,133 INFO Connection check task start

2026-10-04 22:18:59,133 INFO Long connection metrics detail ,Total count =0, sdkCount=0,clusterCount=0

2026-10-04 22:18:59,133 INFO Out dated connection ,size=0

2026-10-04 22:18:59,133 INFO Connection check task end

2026-10-04 22:19:01,296 INFO ConnectionMetrics, totalCount = 0, detail = {long_connection=0, long_polling=0}

2026-10-04 22:19:02,142 INFO Connection check task start

2026-10-04 22:19:02,142 INFO Long connection metrics detail ,Total count =0, sdkCount=0,clusterCount=0

2026-10-04 22:19:02,142 INFO Out dated connection ,size=0

2026-10-04 22:19:02,142 INFO Connection check task end

2026-10-04 22:19:04,338 INFO ConnectionMetrics, totalCount = 0, detail = {long_connection=0, long_polling=0}

2026-10-04 22:19:05,146 INFO Connection check task start

2026-10-04 22:19:05,146 INFO Long connection metrics detail ,Total count =0, sdkCount=0,clusterCount=0

2026-10-04 22:19:05,146 INFO Out dated connection ,size=0

2026-10-04 22:19:05,146 INFO Connection check task end

2026-10-04 22:19:07,347 INFO ConnectionMetrics, totalCount = 0, detail = {long_connection=0, long_polling=0}

2026-10-04 22:19:08,159 INFO Connection check task start

2026-10-04 22:19:08,159 INFO Long connection metrics detail ,Total count =0, sdkCount=0,clusterCount=0

2026-10-04 22:19:08,159 INFO Out dated connection ,size=0

2026-10-04 22:19:08,160 INFO Connection check task end

2026-10-04 22:19:10,355 INFO ConnectionMetrics, totalCount = 0, detail = {long_connection=0, long_polling=0}

2026-10-04 22:19:11,172 INFO Connection check task start

2026-10-04 22:19:11,172 INFO Long connection metrics detail ,Total count =0, sdkCount=0,clusterCount=0

2026-10-04 22:19:11,172 INFO Out dated connection ,size=0

2026-10-04 22:19:11,172 INFO Connection check task end

2026-10-04 22:19:13,371 INFO ConnectionMetrics, totalCount = 0, detail = {long_connection=0, long_polling=0}

2026-10-04 22:19:14,173 INFO Connection check task start

2026-10-04 22:19:14,173 INFO Long connection metrics detail ,Total count =0, sdkCount=0,clusterCount=0

2026-10-04 22:19:14,173 INFO Out dated connection ,size=0

2026-10-04 22:19:14,173 INFO Connection check task end

2026-10-04 22:19:16,377 INFO ConnectionMetrics, totalCount = 0, detail = {long_connection=0, long_polling=0}

2026-10-04 22:19:17,178 INFO Connection check task start

2026-10-04 22:19:17,178 INFO Long connection metrics detail ,Total count =0, sdkCount=0,clusterCount=0

2026-10-04 22:19:17,178 INFO Out dated connection ,size=0

2026-10-04 22:19:17,178 INFO Connection check task end

2026-10-04 22:19:19,381 INFO ConnectionMetrics, totalCount = 0, detail = {long_connection=0, long_polling=0}

2026-10-04 22:19:20,180 INFO Connection check task start

2026-10-04 22:19:20,180 INFO Long connection metrics detail ,Total count =0, sdkCount=0,clusterCount=0

2026-10-04 22:19:20,180 INFO Out dated connection ,size=0

2026-10-04 22:19:20,180 INFO Connection check task end

2026-10-04 22:19:22,390 INFO ConnectionMetrics, totalCount = 0, detail = {long_connection=0, long_polling=0}

2026-10-04 22:19:23,195 INFO Connection check task start

2026-10-04 22:19:23,195 INFO Long connection metrics detail ,Total count =0, sdkCount=0,clusterCount=0

2026-10-04 22:19:23,195 INFO Out dated connection ,size=0

2026-10-04 22:19:23,195 INFO Connection check task end

2026-10-04 22:19:25,402 INFO ConnectionMetrics, totalCount = 0, detail = {long_connection=0, long_polling=0}

2026-10-04 22:19:26,207 INFO Connection check task start

2026-10-04 22:19:26,207 INFO Long connection metrics detail ,Total count =0, sdkCount=0,clusterCount=0

2026-10-04 22:19:26,207 INFO Out dated connection ,size=0

2026-10-04 22:19:26,207 INFO Connection check task end

2026-10-04 22:19:28,410 INFO ConnectionMetrics, totalCount = 0, detail = {long_connection=0, long_polling=0}

2026-10-04 22:19:29,212 INFO Connection check task start

2026-10-04 22:19:29,212 INFO Long connection metrics detail ,Total count =0, sdkCount=0,clusterCount=0

2026-10-04 22:19:29,212 INFO Out dated connection ,size=0

2026-10-04 22:19:29,212 INFO Connection check task end

2026-10-04 22:19:31,415 INFO ConnectionMetrics, totalCount = 0, detail = {long_connection=0, long_polling=0}

2026-10-04 22:19:32,227 INFO Connection check task start

2026-10-04 22:19:32,227 INFO Long connection metrics detail ,Total count =0, sdkCount=0,clusterCount=0

2026-10-04 22:19:32,227 INFO Out dated connection ,size=0

2026-10-04 22:19:32,227 INFO Connection check task end

2026-10-04 22:19:34,427 INFO ConnectionMetrics, totalCount = 0, detail = {long_connection=0, long_polling=0}

2026-10-04 22:19:35,243 INFO Connection check task start

2026-10-04 22:19:35,243 INFO Long connection metrics detail ,Total count =0, sdkCount=0,clusterCount=0

2026-10-04 22:19:35,243 INFO Out dated connection ,size=0

2026-10-04 22:19:35,243 INFO Connection check task end

2026-10-04 22:19:37,440 INFO ConnectionMetrics, totalCount = 0, detail = {long_connection=0, long_polling=0}

2026-10-04 22:19:38,253 INFO Connection check task start

2026-10-04 22:19:38,253 INFO Long connection metrics detail ,Total count =0, sdkCount=0,clusterCount=0

2026-10-04 22:19:38,253 INFO Out dated connection ,size=0

2026-10-04 22:19:38,253 INFO Connection check task end

2026-10-04 22:19:40,452 INFO ConnectionMetrics, totalCount = 0, detail = {long_connection=0, long_polling=0}

2026-10-04 22:19:41,266 INFO Connection check task start

2026-10-04 22:19:41,266 INFO Long connection metrics detail ,Total count =0, sdkCount=0,clusterCount=0

2026-10-04 22:19:41,266 INFO Out dated connection ,size=0

2026-10-04 22:19:41,266 INFO Connection check task end

2026-10-04 22:19:43,467 INFO ConnectionMetrics, totalCount = 0, detail = {long_connection=0, long_polling=0}

2026-10-04 22:19:44,269 INFO Connection check task start

2026-10-04 22:19:44,269 INFO Long connection metrics detail ,Total count =0, sdkCount=0,clusterCount=0

2026-10-04 22:19:44,269 INFO Out dated connection ,size=0

2026-10-04 22:19:44,275 INFO Connection check task end

2026-10-04 22:19:46,478 INFO ConnectionMetrics, totalCount = 0, detail = {long_connection=0, long_polling=0}

2026-10-04 22:19:47,278 INFO Connection check task start

2026-10-04 22:19:47,278 INFO Long connection metrics detail ,Total count =0, sdkCount=0,clusterCount=0

2026-10-04 22:19:47,278 INFO Out dated connection ,size=0

2026-10-04 22:19:47,278 INFO Connection check task end

2026-10-04 22:19:49,486 INFO ConnectionMetrics, totalCount = 0, detail = {long_connection=0, long_polling=0}

2026-10-04 22:19:50,285 INFO Connection check task start

2026-10-04 22:19:50,285 INFO Long connection metrics detail ,Total count =0, sdkCount=0,clusterCount=0

2026-10-04 22:19:50,285 INFO Out dated connection ,size=0

2026-10-04 22:19:50,285 INFO Connection check task end

2026-10-04 22:19:52,493 INFO ConnectionMetrics, totalCount = 0, detail = {long_connection=0, long_polling=0}

2026-10-04 22:19:53,287 INFO Connection check task start

2026-10-04 22:19:53,287 INFO Long connection metrics detail ,Total count =0, sdkCount=0,clusterCount=0

2026-10-04 22:19:53,287 INFO Out dated connection ,size=0

2026-10-04 22:19:53,287 INFO Connection check task end

2026-10-04 22:19:55,502 INFO ConnectionMetrics, totalCount = 0, detail = {long_connection=0, long_polling=0}

2026-10-04 22:19:56,302 INFO Connection check task start

2026-10-04 22:19:56,302 INFO Long connection metrics detail ,Total count =0, sdkCount=0,clusterCount=0

2026-10-04 22:19:56,302 INFO Out dated connection ,size=0

2026-10-04 22:19:56,302 INFO Connection check task end

2026-10-04 22:19:58,506 INFO ConnectionMetrics, totalCount = 0, detail = {long_connection=0, long_polling=0}

2026-10-04 22:19:59,305 INFO Connection check task start

2026-10-04 22:19:59,305 INFO Long connection metrics detail ,Total count =0, sdkCount=0,clusterCount=0

2026-10-04 22:19:59,305 INFO Out dated connection ,size=0

2026-10-04 22:19:59,305 INFO Connection check task end

2026-10-04 22:20:01,517 INFO ConnectionMetrics, totalCount = 0, detail = {long_connection=0, long_polling=0}

2026-10-04 22:20:02,316 INFO Connection check task start

2026-10-04 22:20:02,316 INFO Long connection metrics detail ,Total count =0, sdkCount=0,clusterCount=0

2026-10-04 22:20:02,316 INFO Out dated connection ,size=0

2026-10-04 22:20:02,316 INFO Connection check task end

2026-10-04 22:20:04,520 INFO ConnectionMetrics, totalCount = 0, detail = {long_connection=0, long_polling=0}

2026-10-04 22:20:05,318 INFO Connection check task start

2026-10-04 22:20:05,318 INFO Long connection metrics detail ,Total count =0, sdkCount=0,clusterCount=0

2026-10-04 22:20:05,318 INFO Out dated connection ,size=0

2026-10-04 22:20:05,318 INFO Connection check task end

2026-10-04 22:20:07,530 INFO ConnectionMetrics, totalCount = 0, detail = {long_connection=0, long_polling=0}

2026-10-04 22:20:08,327 INFO Connection check task start

2026-10-04 22:20:08,327 INFO Long connection metrics detail ,Total count =0, sdkCount=0,clusterCount=0

2026-10-04 22:20:08,327 INFO Out dated connection ,size=0

2026-10-04 22:20:08,327 INFO Connection check task end

2026-10-04 22:20:10,531 INFO ConnectionMetrics, totalCount = 0, detail = {long_connection=0, long_polling=0}

2026-10-04 22:20:11,339 INFO Connection check task start

2026-10-04 22:20:11,339 INFO Long connection metrics detail ,Total count =0, sdkCount=0,clusterCount=0

2026-10-04 22:20:11,339 INFO Out dated connection ,size=0

2026-10-04 22:20:11,339 INFO Connection check task end

2026-10-04 22:20:13,537 INFO ConnectionMetrics, totalCount = 0, detail = {long_connection=0, long_polling=0}

2026-10-04 22:20:14,354 INFO Connection check task start

2026-10-04 22:20:14,354 INFO Long connection metrics detail ,Total count =0, sdkCount=0,clusterCount=0

2026-10-04 22:20:14,354 INFO Out dated connection ,size=0

2026-10-04 22:20:14,354 INFO Connection check task end

2026-10-04 22:20:16,558 INFO ConnectionMetrics, totalCount = 0, detail = {long_connection=0, long_polling=0}

2026-10-04 22:20:17,367 INFO Connection check task start

2026-10-04 22:20:17,367 INFO Long connection metrics detail ,Total count =0, sdkCount=0,clusterCount=0

2026-10-04 22:20:17,367 INFO Out dated connection ,size=0

2026-10-04 22:20:17,368 INFO Connection check task end

2026-10-04 22:20:19,571 INFO ConnectionMetrics, totalCount = 0, detail = {long_connection=0, long_polling=0}

2026-10-04 22:20:20,372 INFO Connection check task start

2026-10-04 22:20:20,372 INFO Long connection metrics detail ,Total count =0, sdkCount=0,clusterCount=0

2026-10-04 22:20:20,372 INFO Out dated connection ,size=0

2026-10-04 22:20:20,372 INFO Connection check task end

2026-10-04 22:20:22,582 INFO ConnectionMetrics, totalCount = 0, detail = {long_connection=0, long_polling=0}

2026-10-04 22:20:23,376 INFO Connection check task start

2026-10-04 22:20:23,376 INFO Long connection metrics detail ,Total count =0, sdkCount=0,clusterCount=0

2026-10-04 22:20:23,376 INFO Out dated connection ,size=0

2026-10-04 22:20:23,376 INFO Connection check task end

2026-10-04 22:20:25,584 INFO ConnectionMetrics, totalCount = 0, detail = {long_connection=0, long_polling=0}

2026-10-04 22:20:26,381 INFO Connection check task start

2026-10-04 22:20:26,381 INFO Long connection metrics detail ,Total count =0, sdkCount=0,clusterCount=0

2026-10-04 22:20:26,381 INFO Out dated connection ,size=0

2026-10-04 22:20:26,381 INFO Connection check task end

2026-10-04 22:20:28,594 INFO ConnectionMetrics, totalCount = 0, detail = {long_connection=0, long_polling=0}

2026-10-04 22:20:29,393 INFO Connection check task start

2026-10-04 22:20:29,393 INFO Long connection metrics detail ,Total count =0, sdkCount=0,clusterCount=0

2026-10-04 22:20:29,393 INFO Out dated connection ,size=0

2026-10-04 22:20:29,393 INFO Connection check task end

2026-10-04 22:20:31,611 INFO ConnectionMetrics, totalCount = 0, detail = {long_connection=0, long_polling=0}

2026-10-04 22:20:32,399 INFO Connection check task start

2026-10-04 22:20:32,399 INFO Long connection metrics detail ,Total count =0, sdkCount=0,clusterCount=0

2026-10-04 22:20:32,399 INFO Out dated connection ,size=0

2026-10-04 22:20:32,399 INFO Connection check task end

2026-10-04 22:20:34,615 INFO ConnectionMetrics, totalCount = 0, detail = {long_connection=0, long_polling=0}

2026-10-04 22:20:35,403 INFO Connection check task start

2026-10-04 22:20:35,403 INFO Long connection metrics detail ,Total count =0, sdkCount=0,clusterCount=0

2026-10-04 22:20:35,403 INFO Out dated connection ,size=0

2026-10-04 22:20:35,403 INFO Connection check task end

2026-10-04 22:20:37,619 INFO ConnectionMetrics, totalCount = 0, detail = {long_connection=0, long_polling=0}

2026-10-04 22:20:38,413 INFO Connection check task start

2026-10-04 22:20:38,413 INFO Long connection metrics detail ,Total count =0, sdkCount=0,clusterCount=0

2026-10-04 22:20:38,413 INFO Out dated connection ,size=0

2026-10-04 22:20:38,413 INFO Connection check task end

2026-10-04 22:20:40,632 INFO ConnectionMetrics, totalCount = 0, detail = {long_connection=0, long_polling=0}

2026-10-04 22:20:41,417 INFO Connection check task start

2026-10-04 22:20:41,417 INFO Long connection metrics detail ,Total count =0, sdkCount=0,clusterCount=0

2026-10-04 22:20:41,417 INFO Out dated connection ,size=0

2026-10-04 22:20:41,417 INFO Connection check task end

2026-10-04 22:20:43,647 INFO ConnectionMetrics, totalCount = 0, detail = {long_connection=0, long_polling=0}

2026-10-04 22:20:44,429 INFO Connection check task start

2026-10-04 22:20:44,429 INFO Long connection metrics detail ,Total count =0, sdkCount=0,clusterCount=0

2026-10-04 22:20:44,430 INFO Out dated connection ,size=0

2026-10-04 22:20:44,430 INFO Connection check task end

2026-10-04 22:20:46,652 INFO ConnectionMetrics, totalCount = 0, detail = {long_connection=0, long_polling=0}

2026-10-04 22:20:47,432 INFO Connection check task start

2026-10-04 22:20:47,432 INFO Long connection metrics detail ,Total count =0, sdkCount=0,clusterCount=0

2026-10-04 22:20:47,432 INFO Out dated connection ,size=0

2026-10-04 22:20:47,432 INFO Connection check task end

2026-10-04 22:20:49,669 INFO ConnectionMetrics, totalCount = 0, detail = {long_connection=0, long_polling=0}

2026-10-04 22:20:50,439 INFO Connection check task start

2026-10-04 22:20:50,439 INFO Long connection metrics detail ,Total count =0, sdkCount=0,clusterCount=0

2026-10-04 22:20:50,439 INFO Out dated connection ,size=0

2026-10-04 22:20:50,439 INFO Connection check task end

2026-10-04 22:20:52,684 INFO ConnectionMetrics, totalCount = 0, detail = {long_connection=0, long_polling=0}

2026-10-04 22:20:53,455 INFO Connection check task start

2026-10-04 22:20:53,455 INFO Long connection metrics detail ,Total count =0, sdkCount=0,clusterCount=0

2026-10-04 22:20:53,455 INFO Out dated connection ,size=0

2026-10-04 22:20:53,455 INFO Connection check task end

2026-10-04 22:20:55,691 INFO ConnectionMetrics, totalCount = 0, detail = {long_connection=0, long_polling=0}

2026-10-04 22:20:56,462 INFO Connection check task start

2026-10-04 22:20:56,462 INFO Long connection metrics detail ,Total count =0, sdkCount=0,clusterCount=0

2026-10-04 22:20:56,462 INFO Out dated connection ,size=0

2026-10-04 22:20:56,462 INFO Connection check task end

2026-10-04 22:20:58,704 INFO ConnectionMetrics, totalCount = 0, detail = {long_connection=0, long_polling=0}

2026-10-04 22:20:59,471 INFO Connection check task start

2026-10-04 22:20:59,471 INFO Long connection metrics detail ,Total count =0, sdkCount=0,clusterCount=0

2026-10-04 22:20:59,471 INFO Out dated connection ,size=0

2026-10-04 22:20:59,471 INFO Connection check task end

2026-10-04 22:21:01,714 INFO ConnectionMetrics, totalCount = 0, detail = {long_connection=0, long_polling=0}

2026-10-04 22:21:02,479 INFO Connection check task start

2026-10-04 22:21:02,479 INFO Long connection metrics detail ,Total count =0, sdkCount=0,clusterCount=0

2026-10-04 22:21:02,479 INFO Out dated connection ,size=0

2026-10-04 22:21:02,480 INFO Connection check task end

2026-10-04 22:21:04,723 INFO ConnectionMetrics, totalCount = 0, detail = {long_connection=0, long_polling=0}

2026-10-04 22:21:05,490 INFO Connection check task start

2026-10-04 22:21:05,490 INFO Long connection metrics detail ,Total count =0, sdkCount=0,clusterCount=0

2026-10-04 22:21:05,490 INFO Out dated connection ,size=0

2026-10-04 22:21:05,490 INFO Connection check task end

2026-10-04 22:21:07,726 INFO ConnectionMetrics, totalCount = 0, detail = {long_connection=0, long_polling=0}

2026-10-04 22:21:08,494 INFO Connection check task start

2026-10-04 22:21:08,494 INFO Long connection metrics detail ,Total count =0, sdkCount=0,clusterCount=0

2026-10-04 22:21:08,494 INFO Out dated connection ,size=0

2026-10-04 22:21:08,494 INFO Connection check task end

2026-10-04 22:21:10,731 INFO ConnectionMetrics, totalCount = 0, detail = {long_connection=0, long_polling=0}

2026-10-04 22:21:11,505 INFO Connection check task start

2026-10-04 22:21:11,505 INFO Long connection metrics detail ,Total count =0, sdkCount=0,clusterCount=0

2026-10-04 22:21:11,505 INFO Out dated connection ,size=0

2026-10-04 22:21:11,505 INFO Connection check task end

2026-10-04 22:21:13,737 INFO ConnectionMetrics, totalCount = 0, detail = {long_connection=0, long_polling=0}

2026-10-04 22:21:14,521 INFO Connection check task start

2026-10-04 22:21:14,521 INFO Long connection metrics detail ,Total count =0, sdkCount=0,clusterCount=0

2026-10-04 22:21:14,521 INFO Out dated connection ,size=0

2026-10-04 22:21:14,521 INFO Connection check task end

2026-10-04 22:21:16,747 INFO ConnectionMetrics, totalCount = 0, detail = {long_connection=0, long_polling=0}

2026-10-04 22:21:17,535 INFO Connection check task start

2026-10-04 22:21:17,536 INFO Long connection metrics detail ,Total count =0, sdkCount=0,clusterCount=0

2026-10-04 22:21:17,536 INFO Out dated connection ,size=0

2026-10-04 22:21:17,536 INFO Connection check task end

2026-10-04 22:21:19,758 INFO ConnectionMetrics, totalCount = 0, detail = {long_connection=0, long_polling=0}

2026-10-04 22:21:20,540 INFO Connection check task start

2026-10-04 22:21:20,540 INFO Long connection metrics detail ,Total count =0, sdkCount=0,clusterCount=0

2026-10-04 22:21:20,540 INFO Out dated connection ,size=0

2026-10-04 22:21:20,541 INFO Connection check task end

2026-10-04 22:21:22,772 INFO ConnectionMetrics, totalCount = 0, detail = {long_connection=0, long_polling=0}

2026-10-04 22:21:23,545 INFO Connection check task start

2026-10-04 22:21:23,545 INFO Long connection metrics detail ,Total count =0, sdkCount=0,clusterCount=0

2026-10-04 22:21:23,545 INFO Out dated connection ,size=0

2026-10-04 22:21:23,545 INFO Connection check task end

2026-10-04 22:21:25,779 INFO ConnectionMetrics, totalCount = 0, detail = {long_connection=0, long_polling=0}

2026-10-04 22:21:26,556 INFO Connection check task start

2026-10-04 22:21:26,556 INFO Long connection metrics detail ,Total count =0, sdkCount=0,clusterCount=0

2026-10-04 22:21:26,556 INFO Out dated connection ,size=0

2026-10-04 22:21:26,556 INFO Connection check task end

2026-10-04 22:21:28,792 INFO ConnectionMetrics, totalCount = 0, detail = {long_connection=0, long_polling=0}

2026-10-04 22:21:29,563 INFO Connection check task start

2026-10-04 22:21:29,563 INFO Long connection metrics detail ,Total count =0, sdkCount=0,clusterCount=0

2026-10-04 22:21:29,563 INFO Out dated connection ,size=0

2026-10-04 22:21:29,563 INFO Connection check task end

2026-10-04 22:21:31,797 INFO ConnectionMetrics, totalCount = 0, detail = {long_connection=0, long_polling=0}

2026-10-04 22:21:32,565 INFO Connection check task start

2026-10-04 22:21:32,565 INFO Long connection metrics detail ,Total count =0, sdkCount=0,clusterCount=0

2026-10-04 22:21:32,566 INFO Out dated connection ,size=0

2026-10-04 22:21:32,566 INFO Connection check task end

2026-10-04 22:21:34,801 INFO ConnectionMetrics, totalCount = 0, detail = {long_connection=0, long_polling=0}

2026-10-04 22:21:35,567 INFO Connection check task start

2026-10-04 22:21:35,567 INFO Long connection metrics detail ,Total count =0, sdkCount=0,clusterCount=0

2026-10-04 22:21:35,567 INFO Out dated connection ,size=0

2026-10-04 22:21:35,567 INFO Connection check task end

2026-10-04 22:21:37,807 INFO ConnectionMetrics, totalCount = 0, detail = {long_connection=0, long_polling=0}

2026-10-04 22:21:38,577 INFO Connection check task start

2026-10-04 22:21:38,577 INFO Long connection metrics detail ,Total count =0, sdkCount=0,clusterCount=0

2026-10-04 22:21:38,577 INFO Out dated connection ,size=0

2026-10-04 22:21:38,577 INFO Connection check task end

2026-10-04 22:21:40,809 INFO ConnectionMetrics, totalCount = 0, detail = {long_connection=0, long_polling=0}

2026-10-04 22:21:41,590 INFO Connection check task start

2026-10-04 22:21:41,590 INFO Long connection metrics detail ,Total count =0, sdkCount=0,clusterCount=0

2026-10-04 22:21:41,590 INFO Out dated connection ,size=0

2026-10-04 22:21:41,590 INFO Connection check task end

2026-10-04 22:21:43,810 INFO ConnectionMetrics, totalCount = 0, detail = {long_connection=0, long_polling=0}

2026-10-04 22:21:44,593 INFO Connection check task start

2026-10-04 22:21:44,593 INFO Long connection metrics detail ,Total count =0, sdkCount=0,clusterCount=0

2026-10-04 22:21:44,593 INFO Out dated connection ,size=0

2026-10-04 22:21:44,593 INFO Connection check task end

2026-10-04 22:21:46,825 INFO ConnectionMetrics, totalCount = 0, detail = {long_connection=0, long_polling=0}

2026-10-04 22:21:47,597 INFO Connection check task start

2026-10-04 22:21:47,597 INFO Long connection metrics detail ,Total count =0, sdkCount=0,clusterCount=0

2026-10-04 22:21:47,597 INFO Out dated connection ,size=0

2026-10-04 22:21:47,597 INFO Connection check task end

2026-10-04 22:21:49,829 INFO ConnectionMetrics, totalCount = 0, detail = {long_connection=0, long_polling=0}

2026-10-04 22:21:50,600 INFO Connection check task start

2026-10-04 22:21:50,600 INFO Long connection metrics detail ,Total count =0, sdkCount=0,clusterCount=0

2026-10-04 22:21:50,600 INFO Out dated connection ,size=0

2026-10-04 22:21:50,600 INFO Connection check task end

2026-10-04 22:21:52,829 INFO ConnectionMetrics, totalCount = 0, detail = {long_connection=0, long_polling=0}

2026-10-04 22:21:53,601 INFO Connection check task start

2026-10-04 22:21:53,601 INFO Long connection metrics detail ,Total count =0, sdkCount=0,clusterCount=0

2026-10-04 22:21:53,601 INFO Out dated connection ,size=0

2026-10-04 22:21:53,601 INFO Connection check task end

2026-10-04 22:21:55,838 INFO ConnectionMetrics, totalCount = 0, detail = {long_connection=0, long_polling=0}

2026-10-04 22:21:56,612 INFO Connection check task start

2026-10-04 22:21:56,612 INFO Long connection metrics detail ,Total count =0, sdkCount=0,clusterCount=0

2026-10-04 22:21:56,612 INFO Out dated connection ,size=0

2026-10-04 22:21:56,612 INFO Connection check task end

2026-10-04 22:21:58,851 INFO ConnectionMetrics, totalCount = 0, detail = {long_connection=0, long_polling=0}

2026-10-04 22:21:59,627 INFO Connection check task start

2026-10-04 22:21:59,648 INFO Long connection metrics detail ,Total count =0, sdkCount=0,clusterCount=0

2026-10-04 22:21:59,649 INFO Out dated connection ,size=0

2026-10-04 22:21:59,649 INFO Connection check task end

2026-10-04 22:22:01,863 INFO ConnectionMetrics, totalCount = 0, detail = {long_connection=0, long_polling=0}

2026-10-04 22:22:02,659 INFO Connection check task start

2026-10-04 22:22:02,659 INFO Long connection metrics detail ,Total count =0, sdkCount=0,clusterCount=0

2026-10-04 22:22:02,659 INFO Out dated connection ,size=0

2026-10-04 22:22:02,659 INFO Connection check task end

2026-10-04 22:22:04,864 INFO ConnectionMetrics, totalCount = 0, detail = {long_connection=0, long_polling=0}

2026-10-04 22:22:05,667 INFO Connection check task start

2026-10-04 22:22:05,667 INFO Long connection metrics detail ,Total count =0, sdkCount=0,clusterCount=0

2026-10-04 22:22:05,668 INFO Out dated connection ,size=0

2026-10-04 22:22:05,668 INFO Connection check task end

2026-10-04 22:22:07,892 INFO ConnectionMetrics, totalCount = 0, detail = {long_connection=0, long_polling=0}

2026-10-04 22:22:08,683 INFO Connection check task start

2026-10-04 22:22:08,683 INFO Long connection metrics detail ,Total count =0, sdkCount=0,clusterCount=0

2026-10-04 22:22:08,683 INFO Out dated connection ,size=0

2026-10-04 22:22:08,683 INFO Connection check task end

2026-10-04 22:22:10,906 INFO ConnectionMetrics, totalCount = 0, detail = {long_connection=0, long_polling=0}

2026-10-04 22:22:11,690 INFO Connection check task start

2026-10-04 22:22:11,690 INFO Long connection metrics detail ,Total count =0, sdkCount=0,clusterCount=0

2026-10-04 22:22:11,690 INFO Out dated connection ,size=0

2026-10-04 22:22:11,690 INFO Connection check task end

2026-10-04 22:22:13,917 INFO ConnectionMetrics, totalCount = 0, detail = {long_connection=0, long_polling=0}

2026-10-04 22:22:14,698 INFO Connection check task start

2026-10-04 22:22:14,698 INFO Long connection metrics detail ,Total count =0, sdkCount=0,clusterCount=0

2026-10-04 22:22:14,698 INFO Out dated connection ,size=0

2026-10-04 22:22:14,698 INFO Connection check task end

2026-10-04 22:22:16,931 INFO ConnectionMetrics, totalCount = 0, detail = {long_connection=0, long_polling=0}

2026-10-04 22:22:17,711 INFO Connection check task start

2026-10-04 22:22:17,711 INFO Long connection metrics detail ,Total count =0, sdkCount=0,clusterCount=0

2026-10-04 22:22:17,711 INFO Out dated connection ,size=0

2026-10-04 22:22:17,711 INFO Connection check task end

2026-10-04 22:22:19,934 INFO ConnectionMetrics, totalCount = 0, detail = {long_connection=0, long_polling=0}

2026-10-04 22:22:20,714 INFO Connection check task start

2026-10-04 22:22:20,714 INFO Long connection metrics detail ,Total count =0, sdkCount=0,clusterCount=0

2026-10-04 22:22:20,714 INFO Out dated connection ,size=0

2026-10-04 22:22:20,714 INFO Connection check task end

2026-10-04 22:22:22,943 INFO ConnectionMetrics, totalCount = 0, detail = {long_connection=0, long_polling=0}

2026-10-04 22:22:23,722 INFO Connection check task start

2026-10-04 22:22:23,722 INFO Long connection metrics detail ,Total count =0, sdkCount=0,clusterCount=0

2026-10-04 22:22:23,722 INFO Out dated connection ,size=0

2026-10-04 22:22:23,722 INFO Connection check task end

2026-10-04 22:22:25,948 INFO ConnectionMetrics, totalCount = 0, detail = {long_connection=0, long_polling=0}

2026-10-04 22:22:26,734 INFO Connection check task start

2026-10-04 22:22:26,734 INFO Long connection metrics detail ,Total count =0, sdkCount=0,clusterCount=0

2026-10-04 22:22:26,735 INFO Out dated connection ,size=0

2026-10-04 22:22:26,735 INFO Connection check task end

2026-10-04 22:22:28,957 INFO ConnectionMetrics, totalCount = 0, detail = {long_connection=0, long_polling=0}

2026-10-04 22:22:29,746 INFO Connection check task start

2026-10-04 22:22:29,746 INFO Long connection metrics detail ,Total count =0, sdkCount=0,clusterCount=0

2026-10-04 22:22:29,746 INFO Out dated connection ,size=0

2026-10-04 22:22:29,746 INFO Connection check task end

2026-10-04 22:22:31,972 INFO ConnectionMetrics, totalCount = 0, detail = {long_connection=0, long_polling=0}

2026-10-04 22:22:32,757 INFO Connection check task start

2026-10-04 22:22:32,757 INFO Long connection metrics detail ,Total count =0, sdkCount=0,clusterCount=0

2026-10-04 22:22:32,757 INFO Out dated connection ,size=0

2026-10-04 22:22:32,757 INFO Connection check task end

2026-10-04 22:22:34,988 INFO ConnectionMetrics, totalCount = 0, detail = {long_connection=0, long_polling=0}

2026-10-04 22:22:35,761 INFO Connection check task start

2026-10-04 22:22:35,761 INFO Long connection metrics detail ,Total count =0, sdkCount=0,clusterCount=0

2026-10-04 22:22:35,761 INFO Out dated connection ,size=0

2026-10-04 22:22:35,761 INFO Connection check task end

2026-10-04 22:22:37,991 INFO ConnectionMetrics, totalCount = 0, detail = {long_connection=0, long_polling=0}

2026-10-04 22:22:38,775 INFO Connection check task start

2026-10-04 22:22:38,775 INFO Long connection metrics detail ,Total count =0, sdkCount=0,clusterCount=0

2026-10-04 22:22:38,775 INFO Out dated connection ,size=0

2026-10-04 22:22:38,775 INFO Connection check task end

2026-10-04 22:22:40,995 INFO ConnectionMetrics, totalCount = 0, detail = {long_connection=0, long_polling=0}

2026-10-04 22:22:41,779 INFO Connection check task start

2026-10-04 22:22:41,779 INFO Long connection metrics detail ,Total count =0, sdkCount=0,clusterCount=0

2026-10-04 22:22:41,779 INFO Out dated connection ,size=0

2026-10-04 22:22:41,779 INFO Connection check task end

2026-10-04 22:22:44,009 INFO ConnectionMetrics, totalCount = 0, detail = {long_connection=0, long_polling=0}

2026-10-04 22:22:44,780 INFO Connection check task start

2026-10-04 22:22:44,780 INFO Long connection metrics detail ,Total count =0, sdkCount=0,clusterCount=0

2026-10-04 22:22:44,780 INFO Out dated connection ,size=0

2026-10-04 22:22:44,780 INFO Connection check task end

2026-10-04 22:22:47,011 INFO ConnectionMetrics, totalCount = 0, detail = {long_connection=0, long_polling=0}

2026-10-04 22:22:47,782 INFO Connection check task start

2026-10-04 22:22:47,782 INFO Long connection metrics detail ,Total count =0, sdkCount=0,clusterCount=0

2026-10-04 22:22:47,782 INFO Out dated connection ,size=0

2026-10-04 22:22:47,782 INFO Connection check task end

2026-10-04 22:22:50,014 INFO ConnectionMetrics, totalCount = 0, detail = {long_connection=0, long_polling=0}

2026-10-04 22:22:50,788 INFO Connection check task start

2026-10-04 22:22:50,788 INFO Long connection metrics detail ,Total count =0, sdkCount=0,clusterCount=0

2026-10-04 22:22:50,788 INFO Out dated connection ,size=0

2026-10-04 22:22:50,788 INFO Connection check task end

2026-10-04 22:22:53,025 INFO ConnectionMetrics, totalCount = 0, detail = {long_connection=0, long_polling=0}

2026-10-04 22:22:53,798 INFO Connection check task start

2026-10-04 22:22:53,798 INFO Long connection metrics detail ,Total count =0, sdkCount=0,clusterCount=0

2026-10-04 22:22:53,798 INFO Out dated connection ,size=0

2026-10-04 22:22:53,798 INFO Connection check task end

2026-10-04 22:22:56,028 INFO ConnectionMetrics, totalCount = 0, detail = {long_connection=0, long_polling=0}

2026-10-04 22:22:56,799 INFO Connection check task start

2026-10-04 22:22:56,799 INFO Long connection metrics detail ,Total count =0, sdkCount=0,clusterCount=0

2026-10-04 22:22:56,799 INFO Out dated connection ,size=0

2026-10-04 22:22:56,799 INFO Connection check task end

2026-10-04 22:22:59,030 INFO ConnectionMetrics, totalCount = 0, detail = {long_connection=0, long_polling=0}

2026-10-04 22:22:59,804 INFO Connection check task start

2026-10-04 22:22:59,804 INFO Long connection metrics detail ,Total count =0, sdkCount=0,clusterCount=0

2026-10-04 22:22:59,805 INFO Out dated connection ,size=0

2026-10-04 22:22:59,805 INFO Connection check task end

2026-10-04 22:23:02,037 INFO ConnectionMetrics, totalCount = 0, detail = {long_connection=0, long_polling=0}

2026-10-04 22:23:02,810 INFO Connection check task start

2026-10-04 22:23:02,810 INFO Long connection metrics detail ,Total count =0, sdkCount=0,clusterCount=0

2026-10-04 22:23:02,810 INFO Out dated connection ,size=0

2026-10-04 22:23:02,810 INFO Connection check task end

2026-10-04 22:23:05,050 INFO ConnectionMetrics, totalCount = 0, detail = {long_connection=0, long_polling=0}

2026-10-04 22:23:05,826 INFO Connection check task start

2026-10-04 22:23:05,826 INFO Long connection metrics detail ,Total count =0, sdkCount=0,clusterCount=0

2026-10-04 22:23:05,826 INFO Out dated connection ,size=0

2026-10-04 22:23:05,826 INFO Connection check task end

2026-10-04 22:23:08,055 INFO ConnectionMetrics, totalCount = 0, detail = {long_connection=0, long_polling=0}

2026-10-04 22:23:08,830 INFO Connection check task start

2026-10-04 22:23:08,830 INFO Long connection metrics detail ,Total count =0, sdkCount=0,clusterCount=0

2026-10-04 22:23:08,830 INFO Out dated connection ,size=0

2026-10-04 22:23:08,830 INFO Connection check task end

2026-10-04 22:23:11,058 INFO ConnectionMetrics, totalCount = 0, detail = {long_connection=0, long_polling=0}

2026-10-04 22:23:11,835 INFO Connection check task start

2026-10-04 22:23:11,835 INFO Long connection metrics detail ,Total count =0, sdkCount=0,clusterCount=0

2026-10-04 22:23:11,835 INFO Out dated connection ,size=0

2026-10-04 22:23:11,835 INFO Connection check task end

2026-10-04 22:23:14,061 INFO ConnectionMetrics, totalCount = 0, detail = {long_connection=0, long_polling=0}

2026-10-04 22:23:14,851 INFO Connection check task start

2026-10-04 22:23:14,852 INFO Long connection metrics detail ,Total count =0, sdkCount=0,clusterCount=0

2026-10-04 22:23:14,852 INFO Out dated connection ,size=0

2026-10-04 22:23:14,852 INFO Connection check task end

2026-10-04 22:23:17,072 INFO ConnectionMetrics, totalCount = 0, detail = {long_connection=0, long_polling=0}

2026-10-04 22:23:17,863 INFO Connection check task start

2026-10-04 22:23:17,863 INFO Long connection metrics detail ,Total count =0, sdkCount=0,clusterCount=0

2026-10-04 22:23:17,863 INFO Out dated connection ,size=0

2026-10-04 22:23:17,863 INFO Connection check task end

2026-10-04 22:23:20,088 INFO ConnectionMetrics, totalCount = 0, detail = {long_connection=0, long_polling=0}

2026-10-04 22:23:20,875 INFO Connection check task start

2026-10-04 22:23:20,875 INFO Long connection metrics detail ,Total count =0, sdkCount=0,clusterCount=0

2026-10-04 22:23:20,875 INFO Out dated connection ,size=0

2026-10-04 22:23:20,875 INFO Connection check task end

2026-10-04 22:23:23,100 INFO ConnectionMetrics, totalCount = 0, detail = {long_connection=0, long_polling=0}

2026-10-04 22:23:23,889 INFO Connection check task start

2026-10-04 22:23:23,889 INFO Long connection metrics detail ,Total count =0, sdkCount=0,clusterCount=0

2026-10-04 22:23:23,889 INFO Out dated connection ,size=0

2026-10-04 22:23:23,889 INFO Connection check task end

2026-10-04 22:23:26,113 INFO ConnectionMetrics, totalCount = 0, detail = {long_connection=0, long_polling=0}

2026-10-04 22:23:26,899 INFO Connection check task start

2026-10-04 22:23:26,899 INFO Long connection metrics detail ,Total count =0, sdkCount=0,clusterCount=0

2026-10-04 22:23:26,899 INFO Out dated connection ,size=0

2026-10-04 22:23:26,899 INFO Connection check task end

2026-10-04 22:23:29,118 INFO ConnectionMetrics, totalCount = 0, detail = {long_connection=0, long_polling=0}

2026-10-04 22:23:29,905 INFO Connection check task start

2026-10-04 22:23:29,905 INFO Long connection metrics detail ,Total count =0, sdkCount=0,clusterCount=0

2026-10-04 22:23:29,905 INFO Out dated connection ,size=0

2026-10-04 22:23:29,905 INFO Connection check task end

2026-10-04 22:23:32,134 INFO ConnectionMetrics, totalCount = 0, detail = {long_connection=0, long_polling=0}

2026-10-04 22:23:32,907 INFO Connection check task start

2026-10-04 22:23:32,907 INFO Long connection metrics detail ,Total count =0, sdkCount=0,clusterCount=0

2026-10-04 22:23:32,907 INFO Out dated connection ,size=0

2026-10-04 22:23:32,907 INFO Connection check task end

2026-10-04 22:23:35,155 INFO ConnectionMetrics, totalCount = 0, detail = {long_connection=0, long_polling=0}

2026-10-04 22:23:35,921 INFO Connection check task start

2026-10-04 22:23:35,922 INFO Long connection metrics detail ,Total count =0, sdkCount=0,clusterCount=0

2026-10-04 22:23:35,922 INFO Out dated connection ,size=0

2026-10-04 22:23:35,922 INFO Connection check task end

2026-10-04 22:23:38,163 INFO ConnectionMetrics, totalCount = 0, detail = {long_connection=0, long_polling=0}

2026-10-04 22:23:38,933 INFO Connection check task start

2026-10-04 22:23:38,933 INFO Long connection metrics detail ,Total count =0, sdkCount=0,clusterCount=0

2026-10-04 22:23:38,933 INFO Out dated connection ,size=0

2026-10-04 22:23:38,933 INFO Connection check task end

2026-10-04 22:23:41,173 INFO ConnectionMetrics, totalCount = 0, detail = {long_connection=0, long_polling=0}

2026-10-04 22:23:41,944 INFO Connection check task start

2026-10-04 22:23:41,944 INFO Long connection metrics detail ,Total count =0, sdkCount=0,clusterCount=0

2026-10-04 22:23:41,944 INFO Out dated connection ,size=0

2026-10-04 22:23:41,945 INFO Connection check task end

2026-10-04 22:23:44,189 INFO ConnectionMetrics, totalCount = 0, detail = {long_connection=0, long_polling=0}

2026-10-04 22:23:44,955 INFO Connection check task start

2026-10-04 22:23:44,955 INFO Long connection metrics detail ,Total count =0, sdkCount=0,clusterCount=0

2026-10-04 22:23:44,955 INFO Out dated connection ,size=0

2026-10-04 22:23:44,955 INFO Connection check task end

2026-10-04 22:23:47,204 INFO ConnectionMetrics, totalCount = 0, detail = {long_connection=0, long_polling=0}

2026-10-04 22:23:47,963 INFO Connection check task start

2026-10-04 22:23:47,963 INFO Long connection metrics detail ,Total count =0, sdkCount=0,clusterCount=0

2026-10-04 22:23:47,963 INFO Out dated connection ,size=0

2026-10-04 22:23:47,963 INFO Connection check task end

2026-10-04 22:23:50,213 INFO ConnectionMetrics, totalCount = 0, detail = {long_connection=0, long_polling=0}

2026-10-04 22:23:50,973 INFO Connection check task start

2026-10-04 22:23:50,973 INFO Long connection metrics detail ,Total count =0, sdkCount=0,clusterCount=0

2026-10-04 22:23:50,973 INFO Out dated connection ,size=0

2026-10-04 22:23:50,973 INFO Connection check task end

2026-10-04 22:23:53,223 INFO ConnectionMetrics, totalCount = 0, detail = {long_connection=0, long_polling=0}

2026-10-04 22:23:53,975 INFO Connection check task start

2026-10-04 22:23:53,975 INFO Long connection metrics detail ,Total count =0, sdkCount=0,clusterCount=0

2026-10-04 22:23:53,975 INFO Out dated connection ,size=0

2026-10-04 22:23:53,975 INFO Connection check task end

2026-10-04 22:23:56,232 INFO ConnectionMetrics, totalCount = 0, detail = {long_connection=0, long_polling=0}

2026-10-04 22:23:56,976 INFO Connection check task start

2026-10-04 22:23:56,976 INFO Long connection metrics detail ,Total count =0, sdkCount=0,clusterCount=0

2026-10-04 22:23:56,976 INFO Out dated connection ,size=0

2026-10-04 22:23:56,976 INFO Connection check task end

2026-10-04 22:23:59,248 INFO ConnectionMetrics, totalCount = 0, detail = {long_connection=0, long_polling=0}

2026-10-04 22:23:59,988 INFO Connection check task start

2026-10-04 22:23:59,988 INFO Long connection metrics detail ,Total count =0, sdkCount=0,clusterCount=0

2026-10-04 22:23:59,988 INFO Out dated connection ,size=0

2026-10-04 22:23:59,988 INFO Connection check task end

2026-10-04 22:24:02,250 INFO ConnectionMetrics, totalCount = 0, detail = {long_connection=0, long_polling=0}

2026-10-04 22:24:03,001 INFO Connection check task start

2026-10-04 22:24:03,001 INFO Long connection metrics detail ,Total count =0, sdkCount=0,clusterCount=0

2026-10-04 22:24:03,001 INFO Out dated connection ,size=0

2026-10-04 22:24:03,001 INFO Connection check task end

2026-10-04 22:24:05,265 INFO ConnectionMetrics, totalCount = 0, detail = {long_connection=0, long_polling=0}

2026-10-04 22:24:06,013 INFO Connection check task start

2026-10-04 22:24:06,013 INFO Long connection metrics detail ,Total count =0, sdkCount=0,clusterCount=0

2026-10-04 22:24:06,013 INFO Out dated connection ,size=0

2026-10-04 22:24:06,013 INFO Connection check task end

2026-10-04 22:24:08,271 INFO ConnectionMetrics, totalCount = 0, detail = {long_connection=0, long_polling=0}

2026-10-04 22:24:09,026 INFO Connection check task start

2026-10-04 22:24:09,027 INFO Long connection metrics detail ,Total count =0, sdkCount=0,clusterCount=0

2026-10-04 22:24:09,027 INFO Out dated connection ,size=0

2026-10-04 22:24:09,027 INFO Connection check task end

2026-10-04 22:24:11,283 INFO ConnectionMetrics, totalCount = 0, detail = {long_connection=0, long_polling=0}

2026-10-04 22:24:12,040 INFO Connection check task start

2026-10-04 22:24:12,040 INFO Long connection metrics detail ,Total count =0, sdkCount=0,clusterCount=0

2026-10-04 22:24:12,040 INFO Out dated connection ,size=0

2026-10-04 22:24:12,040 INFO Connection check task end

2026-10-04 22:24:14,284 INFO ConnectionMetrics, totalCount = 0, detail = {long_connection=0, long_polling=0}

2026-10-04 22:24:15,053 INFO Connection check task start

2026-10-04 22:24:15,053 INFO Long connection metrics detail ,Total count =0, sdkCount=0,clusterCount=0

2026-10-04 22:24:15,053 INFO Out dated connection ,size=0

2026-10-04 22:24:15,053 INFO Connection check task end

2026-10-04 22:24:17,298 INFO ConnectionMetrics, totalCount = 0, detail = {long_connection=0, long_polling=0}

2026-10-04 22:24:18,055 INFO Connection check task start

2026-10-04 22:24:18,055 INFO Long connection metrics detail ,Total count =0, sdkCount=0,clusterCount=0

2026-10-04 22:24:18,055 INFO Out dated connection ,size=0

2026-10-04 22:24:18,055 INFO Connection check task end

2026-10-04 22:24:20,312 INFO ConnectionMetrics, totalCount = 0, detail = {long_connection=0, long_polling=0}

2026-10-04 22:24:21,069 INFO Connection check task start

2026-10-04 22:24:21,069 INFO Long connection metrics detail ,Total count =0, sdkCount=0,clusterCount=0

2026-10-04 22:24:21,069 INFO Out dated connection ,size=0

2026-10-04 22:24:21,069 INFO Connection check task end

2026-10-04 22:24:23,319 INFO ConnectionMetrics, totalCount = 0, detail = {long_connection=0, long_polling=0}

2026-10-04 22:24:24,069 INFO Connection check task start

2026-10-04 22:24:24,069 INFO Long connection metrics detail ,Total count =0, sdkCount=0,clusterCount=0

2026-10-04 22:24:24,069 INFO Out dated connection ,size=0

2026-10-04 22:24:24,069 INFO Connection check task end

2026-10-04 22:24:26,335 INFO ConnectionMetrics, totalCount = 0, detail = {long_connection=0, long_polling=0}

2026-10-04 22:24:27,071 INFO Connection check task start

2026-10-04 22:24:27,071 INFO Long connection metrics detail ,Total count =0, sdkCount=0,clusterCount=0

2026-10-04 22:24:27,071 INFO Out dated connection ,size=0

2026-10-04 22:24:27,071 INFO Connection check task end

2026-10-04 22:24:29,343 INFO ConnectionMetrics, totalCount = 0, detail = {long_connection=0, long_polling=0}

2026-10-04 22:24:30,078 INFO Connection check task start

2026-10-04 22:24:30,078 INFO Long connection metrics detail ,Total count =0, sdkCount=0,clusterCount=0

2026-10-04 22:24:30,078 INFO Out dated connection ,size=0

2026-10-04 22:24:30,078 INFO Connection check task end

2026-10-04 22:24:32,347 INFO ConnectionMetrics, totalCount = 0, detail = {long_connection=0, long_polling=0}

2026-10-04 22:24:33,080 INFO Connection check task start

2026-10-04 22:24:33,080 INFO Long connection metrics detail ,Total count =0, sdkCount=0,clusterCount=0

2026-10-04 22:24:33,080 INFO Out dated connection ,size=0

2026-10-04 22:24:33,080 INFO Connection check task end

2026-10-04 22:24:34,815 INFO [capacityManagement] start correct usage

2026-10-04 22:24:34,848 INFO [capacityManagement] end correct usage, cost: 0.0298586s

2026-10-04 22:24:35,361 INFO ConnectionMetrics, totalCount = 0, detail = {long_connection=0, long_polling=0}

2026-10-04 22:24:36,081 INFO Connection check task start

2026-10-04 22:24:36,081 INFO Long connection metrics detail ,Total count =0, sdkCount=0,clusterCount=0

2026-10-04 22:24:36,081 INFO Out dated connection ,size=0

2026-10-04 22:24:36,081 INFO Connection check task end

2026-10-04 22:24:36,351 WARN clearConfigHistory start

2026-10-04 22:24:36,352 WARN clearConfigHistory, getBeforeStamp:2026-09-04 22:24:36.0, pageSize:1000

2026-10-04 22:24:38,373 INFO ConnectionMetrics, totalCount = 0, detail = {long_connection=0, long_polling=0}

2026-10-04 22:24:39,097 INFO Connection check task start

2026-10-04 22:24:39,097 INFO Long connection metrics detail ,Total count =0, sdkCount=0,clusterCount=0

2026-10-04 22:24:39,097 INFO Out dated connection ,size=0

2026-10-04 22:24:39,097 INFO Connection check task end

2026-10-04 22:24:41,381 INFO ConnectionMetrics, totalCount = 0, detail = {long_connection=0, long_polling=0}

2026-10-04 22:24:42,104 INFO Connection check task start

2026-10-04 22:24:42,104 INFO Long connection metrics detail ,Total count =0, sdkCount=0,clusterCount=0

2026-10-04 22:24:42,104 INFO Out dated connection ,size=0

2026-10-04 22:24:42,104 INFO Connection check task end

2026-10-04 22:24:44,393 INFO ConnectionMetrics, totalCount = 0, detail = {long_connection=0, long_polling=0}

2026-10-04 22:24:45,118 INFO Connection check task start

2026-10-04 22:24:45,118 INFO Long connection metrics detail ,Total count =0, sdkCount=0,clusterCount=0

2026-10-04 22:24:45,118 INFO Out dated connection ,size=0

2026-10-04 22:24:45,118 INFO Connection check task end

2026-10-04 22:24:47,394 INFO ConnectionMetrics, totalCount = 0, detail = {long_connection=0, long_polling=0}

2026-10-04 22:24:48,119 INFO Connection check task start

2026-10-04 22:24:48,119 INFO Long connection metrics detail ,Total count =0, sdkCount=0,clusterCount=0

2026-10-04 22:24:48,119 INFO Out dated connection ,size=0

2026-10-04 22:24:48,119 INFO Connection check task end

2026-10-04 22:24:50,399 INFO ConnectionMetrics, totalCount = 0, detail = {long_connection=0, long_polling=0}

2026-10-04 22:24:51,120 INFO Connection check task start

2026-10-04 22:24:51,120 INFO Long connection metrics detail ,Total count =0, sdkCount=0,clusterCount=0

2026-10-04 22:24:51,120 INFO Out dated connection ,size=0

2026-10-04 22:24:51,120 INFO Connection check task end

2026-10-04 22:24:53,410 INFO ConnectionMetrics, totalCount = 0, detail = {long_connection=0, long_polling=0}

2026-10-04 22:24:54,134 INFO Connection check task start

2026-10-04 22:24:54,134 INFO Long connection metrics detail ,Total count =0, sdkCount=0,clusterCount=0

2026-10-04 22:24:54,134 INFO Out dated connection ,size=0

2026-10-04 22:24:54,134 INFO Connection check task end

2026-10-04 22:24:56,424 INFO ConnectionMetrics, totalCount = 0, detail = {long_connection=0, long_polling=0}

2026-10-04 22:24:57,145 INFO Connection check task start

2026-10-04 22:24:57,146 INFO Long connection metrics detail ,Total count =0, sdkCount=0,clusterCount=0

2026-10-04 22:24:57,146 INFO Out dated connection ,size=0

2026-10-04 22:24:57,146 INFO Connection check task end

2026-10-04 22:24:59,426 INFO ConnectionMetrics, totalCount = 0, detail = {long_connection=0, long_polling=0}

2026-10-04 22:25:00,153 INFO Connection check task start

2026-10-04 22:25:00,153 INFO Long connection metrics detail ,Total count =0, sdkCount=0,clusterCount=0

2026-10-04 22:25:00,153 INFO Out dated connection ,size=0

2026-10-04 22:25:00,153 INFO Connection check task end

2026-10-04 22:25:02,439 INFO ConnectionMetrics, totalCount = 0, detail = {long_connection=0, long_polling=0}

2026-10-04 22:25:03,160 INFO Connection check task start

2026-10-04 22:25:03,160 INFO Long connection metrics detail ,Total count =0, sdkCount=0,clusterCount=0

2026-10-04 22:25:03,160 INFO Out dated connection ,size=0

2026-10-04 22:25:03,160 INFO Connection check task end

2026-10-04 22:25:05,446 INFO ConnectionMetrics, totalCount = 0, detail = {long_connection=0, long_polling=0}

2026-10-04 22:25:06,164 INFO Connection check task start

2026-10-04 22:25:06,164 INFO Long connection metrics detail ,Total count =0, sdkCount=0,clusterCount=0

2026-10-04 22:25:06,164 INFO Out dated connection ,size=0

2026-10-04 22:25:06,164 INFO Connection check task end

2026-10-04 22:25:08,456 INFO ConnectionMetrics, totalCount = 0, detail = {long_connection=0, long_polling=0}

2026-10-04 22:25:09,165 INFO Connection check task start

2026-10-04 22:25:09,165 INFO Long connection metrics detail ,Total count =0, sdkCount=0,clusterCount=0

2026-10-04 22:25:09,165 INFO Out dated connection ,size=0

2026-10-04 22:25:09,165 INFO Connection check task end

2026-10-04 22:25:11,461 INFO ConnectionMetrics, totalCount = 0, detail = {long_connection=0, long_polling=0}

2026-10-04 22:25:12,219 INFO Connection check task start

2026-10-04 22:25:12,219 INFO Long connection metrics detail ,Total count =0, sdkCount=0,clusterCount=0

2026-10-04 22:25:12,220 INFO Out dated connection ,size=0

2026-10-04 22:25:12,220 INFO Connection check task end

2026-10-04 22:25:14,475 INFO ConnectionMetrics, totalCount = 0, detail = {long_connection=0, long_polling=0}

2026-10-04 22:25:15,228 INFO Connection check task start

2026-10-04 22:25:15,228 INFO Long connection metrics detail ,Total count =0, sdkCount=0,clusterCount=0

2026-10-04 22:25:15,228 INFO Out dated connection ,size=0

2026-10-04 22:25:15,228 INFO Connection check task end

2026-10-04 22:25:17,481 INFO ConnectionMetrics, totalCount = 0, detail = {long_connection=0, long_polling=0}

2026-10-04 22:25:18,237 INFO Connection check task start

2026-10-04 22:25:18,237 INFO Long connection metrics detail ,Total count =0, sdkCount=0,clusterCount=0

2026-10-04 22:25:18,237 INFO Out dated connection ,size=0

2026-10-04 22:25:18,237 INFO Connection check task end

2026-10-04 22:25:20,492 INFO ConnectionMetrics, totalCount = 0, detail = {long_connection=0, long_polling=0}

2026-10-04 22:25:21,248 INFO Connection check task start

2026-10-04 22:25:21,248 INFO Long connection metrics detail ,Total count =0, sdkCount=0,clusterCount=0

2026-10-04 22:25:21,248 INFO Out dated connection ,size=0

2026-10-04 22:25:21,248 INFO Connection check task end

2026-10-04 22:25:23,496 INFO ConnectionMetrics, totalCount = 0, detail = {long_connection=0, long_polling=0}

2026-10-04 22:25:24,252 INFO Connection check task start

2026-10-04 22:25:24,252 INFO Long connection metrics detail ,Total count =0, sdkCount=0,clusterCount=0

2026-10-04 22:25:24,252 INFO Out dated connection ,size=0

2026-10-04 22:25:24,253 INFO Connection check task end

2026-10-04 22:25:26,508 INFO ConnectionMetrics, totalCount = 0, detail = {long_connection=0, long_polling=0}

2026-10-04 22:25:27,265 INFO Connection check task start

2026-10-04 22:25:27,265 INFO Long connection metrics detail ,Total count =0, sdkCount=0,clusterCount=0

2026-10-04 22:25:27,265 INFO Out dated connection ,size=0

2026-10-04 22:25:27,265 INFO Connection check task end

2026-10-04 22:25:29,520 INFO ConnectionMetrics, totalCount = 0, detail = {long_connection=0, long_polling=0}

2026-10-04 22:25:30,272 INFO Connection check task start

2026-10-04 22:25:30,272 INFO Long connection metrics detail ,Total count =0, sdkCount=0,clusterCount=0

2026-10-04 22:25:30,272 INFO Out dated connection ,size=0

2026-10-04 22:25:30,272 INFO Connection check task end

2026-10-04 22:25:32,522 INFO ConnectionMetrics, totalCount = 0, detail = {long_connection=0, long_polling=0}

2026-10-04 22:25:33,279 INFO Connection check task start

2026-10-04 22:25:33,279 INFO Long connection metrics detail ,Total count =0, sdkCount=0,clusterCount=0

2026-10-04 22:25:33,279 INFO Out dated connection ,size=0

2026-10-04 22:25:33,280 INFO Connection check task end

2026-10-04 22:25:35,537 INFO ConnectionMetrics, totalCount = 0, detail = {long_connection=0, long_polling=0}

2026-10-04 22:25:36,290 INFO Connection check task start

2026-10-04 22:25:36,290 INFO Long connection metrics detail ,Total count =0, sdkCount=0,clusterCount=0

2026-10-04 22:25:36,290 INFO Out dated connection ,size=0

2026-10-04 22:25:36,290 INFO Connection check task end

2026-10-04 22:25:38,538 INFO ConnectionMetrics, totalCount = 0, detail = {long_connection=0, long_polling=0}

2026-10-04 22:25:39,306 INFO Connection check task start

2026-10-04 22:25:39,306 INFO Long connection metrics detail ,Total count =0, sdkCount=0,clusterCount=0

2026-10-04 22:25:39,306 INFO Out dated connection ,size=0

2026-10-04 22:25:39,306 INFO Connection check task end

2026-10-04 22:25:41,542 INFO ConnectionMetrics, totalCount = 0, detail = {long_connection=0, long_polling=0}

2026-10-04 22:25:42,314 INFO Connection check task start

2026-10-04 22:25:42,314 INFO Long connection metrics detail ,Total count =0, sdkCount=0,clusterCount=0

2026-10-04 22:25:42,315 INFO Out dated connection ,size=0

2026-10-04 22:25:42,315 INFO Connection check task end

2026-10-04 22:25:44,552 INFO ConnectionMetrics, totalCount = 0, detail = {long_connection=0, long_polling=0}

2026-10-04 22:25:45,321 INFO Connection check task start

2026-10-04 22:25:45,321 INFO Long connection metrics detail ,Total count =0, sdkCount=0,clusterCount=0

2026-10-04 22:25:45,321 INFO Out dated connection ,size=0

2026-10-04 22:25:45,321 INFO Connection check task end

2026-10-04 22:25:47,555 INFO ConnectionMetrics, totalCount = 0, detail = {long_connection=0, long_polling=0}

2026-10-04 22:25:48,323 INFO Connection check task start

2026-10-04 22:25:48,323 INFO Long connection metrics detail ,Total count =0, sdkCount=0,clusterCount=0

2026-10-04 22:25:48,323 INFO Out dated connection ,size=0

2026-10-04 22:25:48,323 INFO Connection check task end

2026-10-04 22:25:50,564 INFO ConnectionMetrics, totalCount = 0, detail = {long_connection=0, long_polling=0}

2026-10-04 22:25:51,333 INFO Connection check task start

2026-10-04 22:25:51,333 INFO Long connection metrics detail ,Total count =0, sdkCount=0,clusterCount=0

2026-10-04 22:25:51,333 INFO Out dated connection ,size=0

2026-10-04 22:25:51,333 INFO Connection check task end

2026-10-04 22:25:53,564 INFO ConnectionMetrics, totalCount = 0, detail = {long_connection=0, long_polling=0}

2026-10-04 22:25:54,335 INFO Connection check task start

2026-10-04 22:25:54,335 INFO Long connection metrics detail ,Total count =0, sdkCount=0,clusterCount=0

2026-10-04 22:25:54,335 INFO Out dated connection ,size=0

2026-10-04 22:25:54,336 INFO Connection check task end

2026-10-04 22:25:56,569 INFO ConnectionMetrics, totalCount = 0, detail = {long_connection=0, long_polling=0}

2026-10-04 22:25:57,342 INFO Connection check task start

2026-10-04 22:25:57,342 INFO Long connection metrics detail ,Total count =0, sdkCount=0,clusterCount=0

2026-10-04 22:25:57,342 INFO Out dated connection ,size=0

2026-10-04 22:25:57,342 INFO Connection check task end

2026-10-04 22:25:59,583 INFO ConnectionMetrics, totalCount = 0, detail = {long_connection=0, long_polling=0}

2026-10-04 22:26:00,352 INFO Connection check task start

2026-10-04 22:26:00,352 INFO Long connection metrics detail ,Total count =0, sdkCount=0,clusterCount=0

2026-10-04 22:26:00,352 INFO Out dated connection ,size=0

2026-10-04 22:26:00,352 INFO Connection check task end

2026-10-04 22:26:02,588 INFO ConnectionMetrics, totalCount = 0, detail = {long_connection=0, long_polling=0}

2026-10-04 22:26:03,358 INFO Connection check task start

2026-10-04 22:26:03,358 INFO Long connection metrics detail ,Total count =0, sdkCount=0,clusterCount=0

2026-10-04 22:26:03,358 INFO Out dated connection ,size=0

2026-10-04 22:26:03,358 INFO Connection check task end

2026-10-04 22:26:05,589 INFO ConnectionMetrics, totalCount = 0, detail = {long_connection=0, long_polling=0}

2026-10-04 22:26:06,360 INFO Connection check task start

2026-10-04 22:26:06,360 INFO Long connection metrics detail ,Total count =0, sdkCount=0,clusterCount=0

2026-10-04 22:26:06,360 INFO Out dated connection ,size=0

2026-10-04 22:26:06,360 INFO Connection check task end

2026-10-04 22:26:08,596 INFO ConnectionMetrics, totalCount = 0, detail = {long_connection=0, long_polling=0}

2026-10-04 22:26:09,369 INFO Connection check task start

2026-10-04 22:26:09,369 INFO Long connection metrics detail ,Total count =0, sdkCount=0,clusterCount=0

2026-10-04 22:26:09,369 INFO Out dated connection ,size=0

2026-10-04 22:26:09,369 INFO Connection check task end

2026-10-04 22:26:11,602 INFO ConnectionMetrics, totalCount = 0, detail = {long_connection=0, long_polling=0}

2026-10-04 22:26:12,373 INFO Connection check task start

2026-10-04 22:26:12,373 INFO Long connection metrics detail ,Total count =0, sdkCount=0,clusterCount=0

2026-10-04 22:26:12,374 INFO Out dated connection ,size=0

2026-10-04 22:26:12,374 INFO Connection check task end

2026-10-04 22:26:14,607 INFO ConnectionMetrics, totalCount = 0, detail = {long_connection=0, long_polling=0}

2026-10-04 22:26:15,374 INFO Connection check task start

2026-10-04 22:26:15,374 INFO Long connection metrics detail ,Total count =0, sdkCount=0,clusterCount=0

2026-10-04 22:26:15,374 INFO Out dated connection ,size=0

2026-10-04 22:26:15,375 INFO Connection check task end

2026-10-04 22:26:17,609 INFO ConnectionMetrics, totalCount = 0, detail = {long_connection=0, long_polling=0}

2026-10-04 22:26:18,379 INFO Connection check task start

2026-10-04 22:26:18,379 INFO Long connection metrics detail ,Total count =0, sdkCount=0,clusterCount=0

2026-10-04 22:26:18,379 INFO Out dated connection ,size=0

2026-10-04 22:26:18,379 INFO Connection check task end

2026-10-04 22:26:20,609 INFO ConnectionMetrics, totalCount = 0, detail = {long_connection=0, long_polling=0}

2026-10-04 22:26:21,380 INFO Connection check task start

2026-10-04 22:26:21,380 INFO Long connection metrics detail ,Total count =0, sdkCount=0,clusterCount=0

2026-10-04 22:26:21,380 INFO Out dated connection ,size=0

2026-10-04 22:26:21,380 INFO Connection check task end

2026-10-04 22:26:23,614 INFO ConnectionMetrics, totalCount = 0, detail = {long_connection=0, long_polling=0}

2026-10-04 22:26:24,385 INFO Connection check task start

2026-10-04 22:26:24,385 INFO Long connection metrics detail ,Total count =0, sdkCount=0,clusterCount=0

2026-10-04 22:26:24,385 INFO Out dated connection ,size=0

2026-10-04 22:26:24,385 INFO Connection check task end

2026-10-04 22:26:26,621 INFO ConnectionMetrics, totalCount = 0, detail = {long_connection=0, long_polling=0}

2026-10-04 22:26:27,392 INFO Connection check task start

2026-10-04 22:26:27,392 INFO Long connection metrics detail ,Total count =0, sdkCount=0,clusterCount=0

2026-10-04 22:26:27,392 INFO Out dated connection ,size=0

2026-10-04 22:26:27,392 INFO Connection check task end

2026-10-04 22:26:29,633 INFO ConnectionMetrics, totalCount = 0, detail = {long_connection=0, long_polling=0}

2026-10-04 22:26:30,400 INFO Connection check task start

2026-10-04 22:26:30,400 INFO Long connection metrics detail ,Total count =0, sdkCount=0,clusterCount=0

2026-10-04 22:26:30,400 INFO Out dated connection ,size=0

2026-10-04 22:26:30,400 INFO Connection check task end

2026-10-04 22:26:32,639 INFO ConnectionMetrics, totalCount = 0, detail = {long_connection=0, long_polling=0}

2026-10-04 22:26:33,409 INFO Connection check task start

2026-10-04 22:26:33,409 INFO Long connection metrics detail ,Total count =0, sdkCount=0,clusterCount=0

2026-10-04 22:26:33,409 INFO Out dated connection ,size=0

2026-10-04 22:26:33,409 INFO Connection check task end

2026-10-04 22:26:35,650 INFO ConnectionMetrics, totalCount = 0, detail = {long_connection=0, long_polling=0}

2026-10-04 22:26:36,423 INFO Connection check task start

2026-10-04 22:26:36,423 INFO Long connection metrics detail ,Total count =0, sdkCount=0,clusterCount=0

2026-10-04 22:26:36,423 INFO Out dated connection ,size=0

2026-10-04 22:26:36,423 INFO Connection check task end

2026-10-04 22:26:38,659 INFO ConnectionMetrics, totalCount = 0, detail = {long_connection=0, long_polling=0}

2026-10-04 22:26:39,432 INFO Connection check task start

2026-10-04 22:26:39,433 INFO Long connection metrics detail ,Total count =0, sdkCount=0,clusterCount=0

2026-10-04 22:26:39,434 INFO Out dated connection ,size=0

2026-10-04 22:26:39,434 INFO Connection check task end

2026-10-04 22:26:41,673 INFO ConnectionMetrics, totalCount = 0, detail = {long_connection=0, long_polling=0}

2026-10-04 22:26:42,442 INFO Connection check task start

2026-10-04 22:26:42,442 INFO Long connection metrics detail ,Total count =0, sdkCount=0,clusterCount=0

2026-10-04 22:26:42,442 INFO Out dated connection ,size=0

2026-10-04 22:26:42,442 INFO Connection check task end

2026-10-04 22:26:44,681 INFO ConnectionMetrics, totalCount = 0, detail = {long_connection=0, long_polling=0}

2026-10-04 22:26:45,454 INFO Connection check task start

2026-10-04 22:26:45,454 INFO Long connection metrics detail ,Total count =0, sdkCount=0,clusterCount=0

2026-10-04 22:26:45,454 INFO Out dated connection ,size=0

2026-10-04 22:26:45,454 INFO Connection check task end

2026-10-04 22:26:47,683 INFO ConnectionMetrics, totalCount = 0, detail = {long_connection=0, long_polling=0}

2026-10-04 22:26:48,461 INFO Connection check task start

2026-10-04 22:26:48,461 INFO Long connection metrics detail ,Total count =0, sdkCount=0,clusterCount=0

2026-10-04 22:26:48,461 INFO Out dated connection ,size=0

2026-10-04 22:26:48,461 INFO Connection check task end

2026-10-04 22:26:50,688 INFO ConnectionMetrics, totalCount = 0, detail = {long_connection=0, long_polling=0}

2026-10-04 22:26:51,474 INFO Connection check task start

2026-10-04 22:26:51,474 INFO Long connection metrics detail ,Total count =0, sdkCount=0,clusterCount=0

2026-10-04 22:26:51,474 INFO Out dated connection ,size=0

2026-10-04 22:26:51,474 INFO Connection check task end

2026-10-04 22:26:53,695 INFO ConnectionMetrics, totalCount = 0, detail = {long_connection=0, long_polling=0}

2026-10-04 22:26:54,480 INFO Connection check task start

2026-10-04 22:26:54,480 INFO Long connection metrics detail ,Total count =0, sdkCount=0,clusterCount=0

2026-10-04 22:26:54,480 INFO Out dated connection ,size=0

2026-10-04 22:26:54,480 INFO Connection check task end

2026-10-04 22:26:56,699 INFO ConnectionMetrics, totalCount = 0, detail = {long_connection=0, long_polling=0}

2026-10-04 22:26:57,484 INFO Connection check task start

2026-10-04 22:26:57,484 INFO Long connection metrics detail ,Total count =0, sdkCount=0,clusterCount=0

2026-10-04 22:26:57,484 INFO Out dated connection ,size=0

2026-10-04 22:26:57,484 INFO Connection check task end

2026-10-04 22:26:59,706 INFO ConnectionMetrics, totalCount = 0, detail = {long_connection=0, long_polling=0}

2026-10-04 22:27:00,487 INFO Connection check task start

2026-10-04 22:27:00,487 INFO Long connection metrics detail ,Total count =0, sdkCount=0,clusterCount=0

2026-10-04 22:27:00,487 INFO Out dated connection ,size=0

2026-10-04 22:27:00,487 INFO Connection check task end

2026-10-04 22:27:02,718 INFO ConnectionMetrics, totalCount = 0, detail = {long_connection=0, long_polling=0}

2026-10-04 22:27:03,488 INFO Connection check task start

2026-10-04 22:27:03,488 INFO Long connection metrics detail ,Total count =0, sdkCount=0,clusterCount=0

2026-10-04 22:27:03,488 INFO Out dated connection ,size=0

2026-10-04 22:27:03,488 INFO Connection check task end

2026-10-04 22:27:05,725 INFO ConnectionMetrics, totalCount = 0, detail = {long_connection=0, long_polling=0}

2026-10-04 22:27:06,498 INFO Connection check task start

2026-10-04 22:27:06,498 INFO Long connection metrics detail ,Total count =0, sdkCount=0,clusterCount=0

2026-10-04 22:27:06,498 INFO Out dated connection ,size=0

2026-10-04 22:27:06,498 INFO Connection check task end

2026-10-04 22:27:08,735 INFO ConnectionMetrics, totalCount = 0, detail = {long_connection=0, long_polling=0}

2026-10-04 22:27:09,509 INFO Connection check task start

2026-10-04 22:27:09,510 INFO Long connection metrics detail ,Total count =0, sdkCount=0,clusterCount=0

2026-10-04 22:27:09,510 INFO Out dated connection ,size=0

2026-10-04 22:27:09,510 INFO Connection check task end

2026-10-04 22:27:11,746 INFO ConnectionMetrics, totalCount = 0, detail = {long_connection=0, long_polling=0}

2026-10-04 22:27:12,518 INFO Connection check task start

2026-10-04 22:27:12,518 INFO Long connection metrics detail ,Total count =0, sdkCount=0,clusterCount=0

2026-10-04 22:27:12,518 INFO Out dated connection ,size=0

2026-10-04 22:27:12,518 INFO Connection check task end

2026-10-04 22:27:14,756 INFO ConnectionMetrics, totalCount = 0, detail = {long_connection=0, long_polling=0}

2026-10-04 22:27:15,523 INFO Connection check task start

2026-10-04 22:27:15,523 INFO Long connection metrics detail ,Total count =0, sdkCount=0,clusterCount=0

2026-10-04 22:27:15,523 INFO Out dated connection ,size=0

2026-10-04 22:27:15,523 INFO Connection check task end

2026-10-04 22:27:17,758 INFO ConnectionMetrics, totalCount = 0, detail = {long_connection=0, long_polling=0}

2026-10-04 22:27:18,530 INFO Connection check task start

2026-10-04 22:27:18,530 INFO Long connection metrics detail ,Total count =0, sdkCount=0,clusterCount=0

2026-10-04 22:27:18,530 INFO Out dated connection ,size=0

2026-10-04 22:27:18,530 INFO Connection check task end

2026-10-04 22:27:20,772 INFO ConnectionMetrics, totalCount = 0, detail = {long_connection=0, long_polling=0}

2026-10-04 22:27:21,538 INFO Connection check task start

2026-10-04 22:27:21,538 INFO Long connection metrics detail ,Total count =0, sdkCount=0,clusterCount=0

2026-10-04 22:27:21,538 INFO Out dated connection ,size=0

2026-10-04 22:27:21,538 INFO Connection check task end

2026-10-04 22:27:23,789 INFO ConnectionMetrics, totalCount = 0, detail = {long_connection=0, long_polling=0}

2026-10-04 22:27:24,540 INFO Connection check task start

2026-10-04 22:27:24,540 INFO Long connection metrics detail ,Total count =0, sdkCount=0,clusterCount=0

2026-10-04 22:27:24,540 INFO Out dated connection ,size=0

2026-10-04 22:27:24,540 INFO Connection check task end

2026-10-04 22:27:26,798 INFO ConnectionMetrics, totalCount = 0, detail = {long_connection=0, long_polling=0}

2026-10-04 22:27:27,543 INFO Connection check task start

2026-10-04 22:27:27,543 INFO Long connection metrics detail ,Total count =0, sdkCount=0,clusterCount=0

2026-10-04 22:27:27,543 INFO Out dated connection ,size=0

2026-10-04 22:27:27,543 INFO Connection check task end

2026-10-04 22:27:29,810 INFO ConnectionMetrics, totalCount = 0, detail = {long_connection=0, long_polling=0}

2026-10-04 22:27:30,544 INFO Connection check task start

2026-10-04 22:27:30,544 INFO Long connection metrics detail ,Total count =0, sdkCount=0,clusterCount=0

2026-10-04 22:27:30,544 INFO Out dated connection ,size=0

2026-10-04 22:27:30,544 INFO Connection check task end

2026-10-04 22:27:32,812 INFO ConnectionMetrics, totalCount = 0, detail = {long_connection=0, long_polling=0}

2026-10-04 22:27:33,545 INFO Connection check task start

2026-10-04 22:27:33,546 INFO Long connection metrics detail ,Total count =0, sdkCount=0,clusterCount=0

2026-10-04 22:27:33,546 INFO Out dated connection ,size=0

2026-10-04 22:27:33,546 INFO Connection check task end

2026-10-04 22:27:35,828 INFO ConnectionMetrics, totalCount = 0, detail = {long_connection=0, long_polling=0}

2026-10-04 22:27:36,575 INFO Connection check task start

2026-10-04 22:27:36,575 INFO Long connection metrics detail ,Total count =0, sdkCount=0,clusterCount=0

2026-10-04 22:27:36,575 INFO Out dated connection ,size=0

2026-10-04 22:27:36,575 INFO Connection check task end

2026-10-04 22:27:38,841 INFO ConnectionMetrics, totalCount = 0, detail = {long_connection=0, long_polling=0}

2026-10-04 22:27:39,578 INFO Connection check task start

2026-10-04 22:27:39,578 INFO Long connection metrics detail ,Total count =0, sdkCount=0,clusterCount=0

2026-10-04 22:27:39,578 INFO Out dated connection ,size=0

2026-10-04 22:27:39,578 INFO Connection check task end

2026-10-04 22:27:41,858 INFO ConnectionMetrics, totalCount = 0, detail = {long_connection=0, long_polling=0}

2026-10-04 22:27:42,612 INFO Connection check task start

2026-10-04 22:27:42,612 INFO Long connection metrics detail ,Total count =0, sdkCount=0,clusterCount=0

2026-10-04 22:27:42,612 INFO Out dated connection ,size=0

2026-10-04 22:27:42,612 INFO Connection check task end

2026-10-04 22:27:44,863 INFO ConnectionMetrics, totalCount = 0, detail = {long_connection=0, long_polling=0}

2026-10-04 22:27:45,616 INFO Connection check task start

2026-10-04 22:27:45,616 INFO Long connection metrics detail ,Total count =0, sdkCount=0,clusterCount=0

2026-10-04 22:27:45,616 INFO Out dated connection ,size=0

2026-10-04 22:27:45,616 INFO Connection check task end

2026-10-04 22:27:47,874 INFO ConnectionMetrics, totalCount = 0, detail = {long_connection=0, long_polling=0}

2026-10-04 22:27:48,627 INFO Connection check task start

2026-10-04 22:27:48,663 INFO Long connection metrics detail ,Total count =0, sdkCount=0,clusterCount=0

2026-10-04 22:27:48,663 INFO Out dated connection ,size=0

2026-10-04 22:27:48,663 INFO Connection check task end

2026-10-04 22:27:50,882 INFO ConnectionMetrics, totalCount = 0, detail = {long_connection=0, long_polling=0}

2026-10-04 22:27:51,672 INFO Connection check task start

2026-10-04 22:27:51,673 INFO Long connection metrics detail ,Total count =0, sdkCount=0,clusterCount=0

2026-10-04 22:27:51,673 INFO Out dated connection ,size=0

2026-10-04 22:27:51,673 INFO Connection check task end

2026-10-04 22:27:53,889 INFO ConnectionMetrics, totalCount = 0, detail = {long_connection=0, long_polling=0}

2026-10-04 22:27:54,682 INFO Connection check task start

2026-10-04 22:27:54,682 INFO Long connection metrics detail ,Total count =0, sdkCount=0,clusterCount=0

2026-10-04 22:27:54,682 INFO Out dated connection ,size=0

2026-10-04 22:27:54,686 INFO Connection check task end

2026-10-04 22:27:56,893 INFO ConnectionMetrics, totalCount = 0, detail = {long_connection=0, long_polling=0}

2026-10-04 22:27:57,694 INFO Connection check task start

2026-10-04 22:27:57,694 INFO Long connection metrics detail ,Total count =0, sdkCount=0,clusterCount=0

2026-10-04 22:27:57,695 INFO Out dated connection ,size=0

2026-10-04 22:27:57,695 INFO Connection check task end

2026-10-04 22:27:59,906 INFO ConnectionMetrics, totalCount = 0, detail = {long_connection=0, long_polling=0}

2026-10-04 22:28:00,703 INFO Connection check task start

2026-10-04 22:28:00,703 INFO Long connection metrics detail ,Total count =0, sdkCount=0,clusterCount=0

2026-10-04 22:28:00,703 INFO Out dated connection ,size=0

2026-10-04 22:28:00,703 INFO Connection check task end

2026-10-04 22:28:02,911 INFO ConnectionMetrics, totalCount = 0, detail = {long_connection=0, long_polling=0}

2026-10-04 22:28:03,712 INFO Connection check task start

2026-10-04 22:28:03,712 INFO Long connection metrics detail ,Total count =0, sdkCount=0,clusterCount=0

2026-10-04 22:28:03,712 INFO Out dated connection ,size=0

2026-10-04 22:28:03,712 INFO Connection check task end

2026-10-04 22:28:05,922 INFO ConnectionMetrics, totalCount = 0, detail = {long_connection=0, long_polling=0}

2026-10-04 22:28:06,721 INFO Connection check task start

2026-10-04 22:28:06,721 INFO Long connection metrics detail ,Total count =0, sdkCount=0,clusterCount=0

2026-10-04 22:28:06,721 INFO Out dated connection ,size=0

2026-10-04 22:28:06,721 INFO Connection check task end

2026-10-04 22:28:08,926 INFO ConnectionMetrics, totalCount = 0, detail = {long_connection=0, long_polling=0}

2026-10-04 22:28:09,724 INFO Connection check task start

2026-10-04 22:28:09,724 INFO Long connection metrics detail ,Total count =0, sdkCount=0,clusterCount=0

2026-10-04 22:28:09,724 INFO Out dated connection ,size=0

2026-10-04 22:28:09,724 INFO Connection check task end

2026-10-04 22:28:11,939 INFO ConnectionMetrics, totalCount = 0, detail = {long_connection=0, long_polling=0}

2026-10-04 22:28:12,735 INFO Connection check task start

2026-10-04 22:28:12,735 INFO Long connection metrics detail ,Total count =0, sdkCount=0,clusterCount=0

2026-10-04 22:28:12,735 INFO Out dated connection ,size=0

2026-10-04 22:28:12,735 INFO Connection check task end

2026-10-04 22:28:14,945 INFO ConnectionMetrics, totalCount = 0, detail = {long_connection=0, long_polling=0}

2026-10-04 22:28:15,745 INFO Connection check task start

2026-10-04 22:28:15,745 INFO Long connection metrics detail ,Total count =0, sdkCount=0,clusterCount=0

2026-10-04 22:28:15,745 INFO Out dated connection ,size=0

2026-10-04 22:28:15,745 INFO Connection check task end

2026-10-04 22:28:17,949 INFO ConnectionMetrics, totalCount = 0, detail = {long_connection=0, long_polling=0}

2026-10-04 22:28:18,760 INFO Connection check task start

2026-10-04 22:28:18,760 INFO Long connection metrics detail ,Total count =0, sdkCount=0,clusterCount=0

2026-10-04 22:28:18,760 INFO Out dated connection ,size=0

2026-10-04 22:28:18,760 INFO Connection check task end

2026-10-04 22:28:20,961 INFO ConnectionMetrics, totalCount = 0, detail = {long_connection=0, long_polling=0}

2026-10-04 22:28:21,775 INFO Connection check task start

2026-10-04 22:28:21,775 INFO Long connection metrics detail ,Total count =0, sdkCount=0,clusterCount=0

2026-10-04 22:28:21,776 INFO Out dated connection ,size=0

2026-10-04 22:28:21,776 INFO Connection check task end

2026-10-04 22:28:23,967 INFO ConnectionMetrics, totalCount = 0, detail = {long_connection=0, long_polling=0}

2026-10-04 22:28:24,782 INFO Connection check task start

2026-10-04 22:28:24,782 INFO Long connection metrics detail ,Total count =0, sdkCount=0,clusterCount=0

2026-10-04 22:28:24,782 INFO Out dated connection ,size=0

2026-10-04 22:28:24,782 INFO Connection check task end

2026-10-04 22:28:26,968 INFO ConnectionMetrics, totalCount = 0, detail = {long_connection=0, long_polling=0}

2026-10-04 22:28:27,789 INFO Connection check task start

2026-10-04 22:28:27,789 INFO Long connection metrics detail ,Total count =0, sdkCount=0,clusterCount=0

2026-10-04 22:28:27,789 INFO Out dated connection ,size=0

2026-10-04 22:28:27,789 INFO Connection check task end

2026-10-04 22:28:29,982 INFO ConnectionMetrics, totalCount = 0, detail = {long_connection=0, long_polling=0}

2026-10-04 22:28:30,798 INFO Connection check task start

2026-10-04 22:28:30,798 INFO Long connection metrics detail ,Total count =0, sdkCount=0,clusterCount=0

2026-10-04 22:28:30,798 INFO Out dated connection ,size=0

2026-10-04 22:28:30,798 INFO Connection check task end

2026-10-04 22:28:32,988 INFO ConnectionMetrics, totalCount = 0, detail = {long_connection=0, long_polling=0}

2026-10-04 22:28:33,813 INFO Connection check task start

2026-10-04 22:28:33,813 INFO Long connection metrics detail ,Total count =0, sdkCount=0,clusterCount=0

2026-10-04 22:28:33,813 INFO Out dated connection ,size=0

2026-10-04 22:28:33,813 INFO Connection check task end

2026-10-04 22:28:35,993 INFO ConnectionMetrics, totalCount = 0, detail = {long_connection=0, long_polling=0}

2026-10-04 22:28:36,826 INFO Connection check task start

2026-10-04 22:28:36,826 INFO Long connection metrics detail ,Total count =0, sdkCount=0,clusterCount=0

2026-10-04 22:28:36,826 INFO Out dated connection ,size=0

2026-10-04 22:28:36,826 INFO Connection check task end

2026-10-04 22:28:39,013 INFO ConnectionMetrics, totalCount = 0, detail = {long_connection=0, long_polling=0}

2026-10-04 22:28:39,840 INFO Connection check task start

2026-10-04 22:28:39,840 INFO Long connection metrics detail ,Total count =0, sdkCount=0,clusterCount=0

2026-10-04 22:28:39,840 INFO Out dated connection ,size=0

2026-10-04 22:28:39,840 INFO Connection check task end

2026-10-04 22:28:42,025 INFO ConnectionMetrics, totalCount = 0, detail = {long_connection=0, long_polling=0}

2026-10-04 22:28:42,852 INFO Connection check task start

2026-10-04 22:28:42,852 INFO Long connection metrics detail ,Total count =0, sdkCount=0,clusterCount=0

2026-10-04 22:28:42,852 INFO Out dated connection ,size=0

2026-10-04 22:28:42,852 INFO Connection check task end

2026-10-04 22:28:45,038 INFO ConnectionMetrics, totalCount = 0, detail = {long_connection=0, long_polling=0}

2026-10-04 22:28:45,865 INFO Connection check task start

2026-10-04 22:28:45,866 INFO Long connection metrics detail ,Total count =0, sdkCount=0,clusterCount=0

2026-10-04 22:28:45,866 INFO Out dated connection ,size=0

2026-10-04 22:28:45,866 INFO Connection check task end

2026-10-04 22:28:48,049 INFO ConnectionMetrics, totalCount = 0, detail = {long_connection=0, long_polling=0}

2026-10-04 22:28:48,870 INFO Connection check task start

2026-10-04 22:28:48,870 INFO Long connection metrics detail ,Total count =0, sdkCount=0,clusterCount=0

2026-10-04 22:28:48,870 INFO Out dated connection ,size=0

2026-10-04 22:28:48,870 INFO Connection check task end

2026-10-04 22:28:51,054 INFO ConnectionMetrics, totalCount = 0, detail = {long_connection=0, long_polling=0}

2026-10-04 22:28:51,882 INFO Connection check task start

2026-10-04 22:28:51,882 INFO Long connection metrics detail ,Total count =0, sdkCount=0,clusterCount=0

2026-10-04 22:28:51,882 INFO Out dated connection ,size=0

2026-10-04 22:28:51,882 INFO Connection check task end

2026-10-04 22:28:54,068 INFO ConnectionMetrics, totalCount = 0, detail = {long_connection=0, long_polling=0}

2026-10-04 22:28:54,897 INFO Connection check task start

2026-10-04 22:28:54,897 INFO Long connection metrics detail ,Total count =0, sdkCount=0,clusterCount=0

2026-10-04 22:28:54,897 INFO Out dated connection ,size=0

2026-10-04 22:28:54,897 INFO Connection check task end

2026-10-04 22:28:57,078 INFO ConnectionMetrics, totalCount = 0, detail = {long_connection=0, long_polling=0}

2026-10-04 22:28:57,910 INFO Connection check task start

2026-10-04 22:28:57,910 INFO Long connection metrics detail ,Total count =0, sdkCount=0,clusterCount=0

2026-10-04 22:28:57,910 INFO Out dated connection ,size=0

2026-10-04 22:28:57,910 INFO Connection check task end

2026-10-04 22:29:00,080 INFO ConnectionMetrics, totalCount = 0, detail = {long_connection=0, long_polling=0}

2026-10-04 22:29:00,926 INFO Connection check task start

2026-10-04 22:29:00,926 INFO Long connection metrics detail ,Total count =0, sdkCount=0,clusterCount=0

2026-10-04 22:29:00,926 INFO Out dated connection ,size=0

2026-10-04 22:29:00,926 INFO Connection check task end

2026-10-04 22:29:03,085 INFO ConnectionMetrics, totalCount = 0, detail = {long_connection=0, long_polling=0}

2026-10-04 22:29:03,931 INFO Connection check task start

2026-10-04 22:29:03,931 INFO Long connection metrics detail ,Total count =0, sdkCount=0,clusterCount=0

2026-10-04 22:29:03,931 INFO Out dated connection ,size=0

2026-10-04 22:29:03,931 INFO Connection check task end

2026-10-04 22:29:06,099 INFO ConnectionMetrics, totalCount = 0, detail = {long_connection=0, long_polling=0}

2026-10-04 22:29:06,942 INFO Connection check task start

2026-10-04 22:29:06,942 INFO Long connection metrics detail ,Total count =0, sdkCount=0,clusterCount=0

2026-10-04 22:29:06,942 INFO Out dated connection ,size=0

2026-10-04 22:29:06,942 INFO Connection check task end

2026-10-04 22:29:09,113 INFO ConnectionMetrics, totalCount = 0, detail = {long_connection=0, long_polling=0}

2026-10-04 22:29:09,944 INFO Connection check task start

2026-10-04 22:29:09,944 INFO Long connection metrics detail ,Total count =0, sdkCount=0,clusterCount=0

2026-10-04 22:29:09,944 INFO Out dated connection ,size=0

2026-10-04 22:29:09,945 INFO Connection check task end

2026-10-04 22:29:12,118 INFO ConnectionMetrics, totalCount = 0, detail = {long_connection=0, long_polling=0}

2026-10-04 22:29:12,958 INFO Connection check task start

2026-10-04 22:29:12,958 INFO Long connection metrics detail ,Total count =0, sdkCount=0,clusterCount=0

2026-10-04 22:29:12,958 INFO Out dated connection ,size=0

2026-10-04 22:29:12,958 INFO Connection check task end

2026-10-04 22:29:15,129 INFO ConnectionMetrics, totalCount = 0, detail = {long_connection=0, long_polling=0}

2026-10-04 22:29:15,973 INFO Connection check task start

2026-10-04 22:29:15,973 INFO Long connection metrics detail ,Total count =0, sdkCount=0,clusterCount=0

2026-10-04 22:29:15,973 INFO Out dated connection ,size=0

2026-10-04 22:29:15,973 INFO Connection check task end

2026-10-04 22:29:18,139 INFO ConnectionMetrics, totalCount = 0, detail = {long_connection=0, long_polling=0}

2026-10-04 22:29:18,984 INFO Connection check task start

2026-10-04 22:29:18,984 INFO Long connection metrics detail ,Total count =0, sdkCount=0,clusterCount=0

2026-10-04 22:29:18,984 INFO Out dated connection ,size=0

2026-10-04 22:29:18,984 INFO Connection check task end

2026-10-04 22:29:21,154 INFO ConnectionMetrics, totalCount = 0, detail = {long_connection=0, long_polling=0}

2026-10-04 22:29:21,985 INFO Connection check task start

2026-10-04 22:29:21,985 INFO Long connection metrics detail ,Total count =0, sdkCount=0,clusterCount=0

2026-10-04 22:29:21,985 INFO Out dated connection ,size=0

2026-10-04 22:29:21,985 INFO Connection check task end

2026-10-04 22:29:24,160 INFO ConnectionMetrics, totalCount = 0, detail = {long_connection=0, long_polling=0}

2026-10-04 22:29:24,992 INFO Connection check task start

2026-10-04 22:29:24,992 INFO Long connection metrics detail ,Total count =0, sdkCount=0,clusterCount=0

2026-10-04 22:29:24,992 INFO Out dated connection ,size=0

2026-10-04 22:29:24,992 INFO Connection check task end

2026-10-04 22:29:27,171 INFO ConnectionMetrics, totalCount = 0, detail = {long_connection=0, long_polling=0}

2026-10-04 22:29:28,004 INFO Connection check task start

2026-10-04 22:29:28,004 INFO Long connection metrics detail ,Total count =0, sdkCount=0,clusterCount=0

2026-10-04 22:29:28,004 INFO Out dated connection ,size=0

2026-10-04 22:29:28,004 INFO Connection check task end

2026-10-04 22:29:30,179 INFO ConnectionMetrics, totalCount = 0, detail = {long_connection=0, long_polling=0}

2026-10-04 22:29:31,005 INFO Connection check task start

2026-10-04 22:29:31,005 INFO Long connection metrics detail ,Total count =0, sdkCount=0,clusterCount=0

2026-10-04 22:29:31,005 INFO Out dated connection ,size=0

2026-10-04 22:29:31,005 INFO Connection check task end

2026-10-04 22:29:33,191 INFO ConnectionMetrics, totalCount = 0, detail = {long_connection=0, long_polling=0}

2026-10-04 22:29:34,020 INFO Connection check task start

2026-10-04 22:29:34,020 INFO Long connection metrics detail ,Total count =0, sdkCount=0,clusterCount=0

2026-10-04 22:29:34,020 INFO Out dated connection ,size=0

2026-10-04 22:29:34,020 INFO Connection check task end

2026-10-04 22:29:36,197 INFO ConnectionMetrics, totalCount = 0, detail = {long_connection=0, long_polling=0}

2026-10-04 22:29:37,024 INFO Connection check task start

2026-10-04 22:29:37,024 INFO Long connection metrics detail ,Total count =0, sdkCount=0,clusterCount=0

2026-10-04 22:29:37,024 INFO Out dated connection ,size=0

2026-10-04 22:29:37,024 INFO Connection check task end

2026-10-04 22:29:39,204 INFO ConnectionMetrics, totalCount = 0, detail = {long_connection=0, long_polling=0}

2026-10-04 22:29:40,036 INFO Connection check task start

2026-10-04 22:29:40,036 INFO Long connection metrics detail ,Total count =0, sdkCount=0,clusterCount=0

2026-10-04 22:29:40,036 INFO Out dated connection ,size=0

2026-10-04 22:29:40,036 INFO Connection check task end

2026-10-04 22:29:42,205 INFO ConnectionMetrics, totalCount = 0, detail = {long_connection=0, long_polling=0}

2026-10-04 22:29:43,039 INFO Connection check task start

2026-10-04 22:29:43,039 INFO Long connection metrics detail ,Total count =0, sdkCount=0,clusterCount=0

2026-10-04 22:29:43,039 INFO Out dated connection ,size=0

2026-10-04 22:29:43,039 INFO Connection check task end

2026-10-04 22:29:45,214 INFO ConnectionMetrics, totalCount = 0, detail = {long_connection=0, long_polling=0}

2026-10-04 22:29:46,049 INFO Connection check task start

2026-10-04 22:29:46,049 INFO Long connection metrics detail ,Total count =0, sdkCount=0,clusterCount=0

2026-10-04 22:29:46,049 INFO Out dated connection ,size=0

2026-10-04 22:29:46,049 INFO Connection check task end

2026-10-04 22:29:48,226 INFO ConnectionMetrics, totalCount = 0, detail = {long_connection=0, long_polling=0}

2026-10-04 22:29:49,052 INFO Connection check task start

2026-10-04 22:29:49,052 INFO Long connection metrics detail ,Total count =0, sdkCount=0,clusterCount=0

2026-10-04 22:29:49,052 INFO Out dated connection ,size=0

2026-10-04 22:29:49,052 INFO Connection check task end

2026-10-04 22:29:51,228 INFO ConnectionMetrics, totalCount = 0, detail = {long_connection=0, long_polling=0}

2026-10-04 22:29:52,059 INFO Connection check task start

2026-10-04 22:29:52,059 INFO Long connection metrics detail ,Total count =0, sdkCount=0,clusterCount=0

2026-10-04 22:29:52,059 INFO Out dated connection ,size=0

2026-10-04 22:29:52,059 INFO Connection check task end

2026-10-04 22:29:54,240 INFO ConnectionMetrics, totalCount = 0, detail = {long_connection=0, long_polling=0}

2026-10-04 22:29:55,069 INFO Connection check task start

2026-10-04 22:29:55,069 INFO Long connection metrics detail ,Total count =0, sdkCount=0,clusterCount=0

2026-10-04 22:29:55,069 INFO Out dated connection ,size=0

2026-10-04 22:29:55,069 INFO Connection check task end

2026-10-04 22:29:57,244 INFO ConnectionMetrics, totalCount = 0, detail = {long_connection=0, long_polling=0}

2026-10-04 22:29:58,075 INFO Connection check task start

2026-10-04 22:29:58,075 INFO Long connection metrics detail ,Total count =0, sdkCount=0,clusterCount=0

2026-10-04 22:29:58,075 INFO Out dated connection ,size=0

2026-10-04 22:29:58,075 INFO Connection check task end

2026-10-04 22:30:00,252 INFO ConnectionMetrics, totalCount = 0, detail = {long_connection=0, long_polling=0}

2026-10-04 22:30:01,078 INFO Connection check task start

2026-10-04 22:30:01,078 INFO Long connection metrics detail ,Total count =0, sdkCount=0,clusterCount=0

2026-10-04 22:30:01,078 INFO Out dated connection ,size=0

2026-10-04 22:30:01,078 INFO Connection check task end

2026-10-04 22:30:03,263 INFO ConnectionMetrics, totalCount = 0, detail = {long_connection=0, long_polling=0}

2026-10-04 22:30:04,082 INFO Connection check task start

2026-10-04 22:30:04,092 INFO Long connection metrics detail ,Total count =0, sdkCount=0,clusterCount=0

2026-10-04 22:30:04,092 INFO Out dated connection ,size=0

2026-10-04 22:30:04,092 INFO Connection check task end

2026-10-04 22:30:06,273 INFO ConnectionMetrics, totalCount = 0, detail = {long_connection=0, long_polling=0}

2026-10-04 22:30:07,104 INFO Connection check task start

2026-10-04 22:30:07,104 INFO Long connection metrics detail ,Total count =0, sdkCount=0,clusterCount=0

2026-10-04 22:30:07,104 INFO Out dated connection ,size=0

2026-10-04 22:30:07,104 INFO Connection check task end

2026-10-04 22:30:09,278 INFO ConnectionMetrics, totalCount = 0, detail = {long_connection=0, long_polling=0}

2026-10-04 22:30:10,108 INFO Connection check task start

2026-10-04 22:30:10,108 INFO Long connection metrics detail ,Total count =0, sdkCount=0,clusterCount=0

2026-10-04 22:30:10,108 INFO Out dated connection ,size=0

2026-10-04 22:30:10,108 INFO Connection check task end

2026-10-04 22:30:12,292 INFO ConnectionMetrics, totalCount = 0, detail = {long_connection=0, long_polling=0}

2026-10-04 22:30:13,114 INFO Connection check task start

2026-10-04 22:30:13,114 INFO Long connection metrics detail ,Total count =0, sdkCount=0,clusterCount=0

2026-10-04 22:30:13,114 INFO Out dated connection ,size=0

2026-10-04 22:30:13,114 INFO Connection check task end

2026-10-04 22:30:15,307 INFO ConnectionMetrics, totalCount = 0, detail = {long_connection=0, long_polling=0}

2026-10-04 22:30:16,124 INFO Connection check task start

2026-10-04 22:30:16,124 INFO Long connection metrics detail ,Total count =0, sdkCount=0,clusterCount=0

2026-10-04 22:30:16,124 INFO Out dated connection ,size=0

2026-10-04 22:30:16,124 INFO Connection check task end

2026-10-04 22:30:18,310 INFO ConnectionMetrics, totalCount = 0, detail = {long_connection=0, long_polling=0}

2026-10-04 22:30:19,130 INFO Connection check task start

2026-10-04 22:30:19,130 INFO Long connection metrics detail ,Total count =0, sdkCount=0,clusterCount=0

2026-10-04 22:30:19,130 INFO Out dated connection ,size=0

2026-10-04 22:30:19,130 INFO Connection check task end

2026-10-04 22:30:21,319 INFO ConnectionMetrics, totalCount = 0, detail = {long_connection=0, long_polling=0}

2026-10-04 22:30:22,137 INFO Connection check task start

2026-10-04 22:30:22,138 INFO Long connection metrics detail ,Total count =0, sdkCount=0,clusterCount=0

2026-10-04 22:30:22,138 INFO Out dated connection ,size=0

2026-10-04 22:30:22,138 INFO Connection check task end

2026-10-04 22:30:24,320 INFO ConnectionMetrics, totalCount = 0, detail = {long_connection=0, long_polling=0}

2026-10-04 22:30:25,145 INFO Connection check task start

2026-10-04 22:30:25,145 INFO Long connection metrics detail ,Total count =0, sdkCount=0,clusterCount=0

2026-10-04 22:30:25,145 INFO Out dated connection ,size=0

2026-10-04 22:30:25,145 INFO Connection check task end

2026-10-04 22:30:27,324 INFO ConnectionMetrics, totalCount = 0, detail = {long_connection=0, long_polling=0}

2026-10-04 22:30:28,161 INFO Connection check task start

2026-10-04 22:30:28,161 INFO Long connection metrics detail ,Total count =0, sdkCount=0,clusterCount=0

2026-10-04 22:30:28,161 INFO Out dated connection ,size=0

2026-10-04 22:30:28,161 INFO Connection check task end

2026-10-04 22:30:30,326 INFO ConnectionMetrics, totalCount = 0, detail = {long_connection=0, long_polling=0}

2026-10-04 22:30:31,163 INFO Connection check task start

2026-10-04 22:30:31,163 INFO Long connection metrics detail ,Total count =0, sdkCount=0,clusterCount=0

2026-10-04 22:30:31,163 INFO Out dated connection ,size=0

2026-10-04 22:30:31,163 INFO Connection check task end

2026-10-04 22:30:33,332 INFO ConnectionMetrics, totalCount = 0, detail = {long_connection=0, long_polling=0}

2026-10-04 22:30:34,170 INFO Connection check task start

2026-10-04 22:30:34,170 INFO Long connection metrics detail ,Total count =0, sdkCount=0,clusterCount=0

2026-10-04 22:30:34,170 INFO Out dated connection ,size=0

2026-10-04 22:30:34,170 INFO Connection check task end

2026-10-04 22:30:36,338 INFO ConnectionMetrics, totalCount = 0, detail = {long_connection=0, long_polling=0}

2026-10-04 22:30:37,183 INFO Connection check task start

2026-10-04 22:30:37,183 INFO Long connection metrics detail ,Total count =0, sdkCount=0,clusterCount=0

2026-10-04 22:30:37,183 INFO Out dated connection ,size=0

2026-10-04 22:30:37,183 INFO Connection check task end

2026-10-04 22:30:39,347 INFO ConnectionMetrics, totalCount = 0, detail = {long_connection=0, long_polling=0}

2026-10-04 22:30:40,194 INFO Connection check task start

2026-10-04 22:30:40,194 INFO Long connection metrics detail ,Total count =0, sdkCount=0,clusterCount=0

2026-10-04 22:30:40,194 INFO Out dated connection ,size=0

2026-10-04 22:30:40,194 INFO Connection check task end

2026-10-04 22:30:42,355 INFO ConnectionMetrics, totalCount = 0, detail = {long_connection=0, long_polling=0}

2026-10-04 22:30:43,199 INFO Connection check task start

2026-10-04 22:30:43,199 INFO Long connection metrics detail ,Total count =0, sdkCount=0,clusterCount=0

2026-10-04 22:30:43,199 INFO Out dated connection ,size=0

2026-10-04 22:30:43,199 INFO Connection check task end

2026-10-04 22:30:45,367 INFO ConnectionMetrics, totalCount = 0, detail = {long_connection=0, long_polling=0}

2026-10-04 22:30:46,201 INFO Connection check task start

2026-10-04 22:30:46,201 INFO Long connection metrics detail ,Total count =0, sdkCount=0,clusterCount=0

2026-10-04 22:30:46,201 INFO Out dated connection ,size=0

2026-10-04 22:30:46,201 INFO Connection check task end

2026-10-04 22:30:48,376 INFO ConnectionMetrics, totalCount = 0, detail = {long_connection=0, long_polling=0}

2026-10-04 22:30:49,203 INFO Connection check task start

2026-10-04 22:30:49,203 INFO Long connection metrics detail ,Total count =0, sdkCount=0,clusterCount=0

2026-10-04 22:30:49,203 INFO Out dated connection ,size=0

2026-10-04 22:30:49,203 INFO Connection check task end

2026-10-04 22:30:51,391 INFO ConnectionMetrics, totalCount = 0, detail = {long_connection=0, long_polling=0}

2026-10-04 22:30:52,206 INFO Connection check task start

2026-10-04 22:30:52,206 INFO Long connection metrics detail ,Total count =0, sdkCount=0,clusterCount=0

2026-10-04 22:30:52,206 INFO Out dated connection ,size=0

2026-10-04 22:30:52,206 INFO Connection check task end

2026-10-04 22:30:54,400 INFO ConnectionMetrics, totalCount = 0, detail = {long_connection=0, long_polling=0}

2026-10-04 22:30:55,213 INFO Connection check task start

2026-10-04 22:30:55,213 INFO Long connection metrics detail ,Total count =0, sdkCount=0,clusterCount=0

2026-10-04 22:30:55,213 INFO Out dated connection ,size=0

2026-10-04 22:30:55,213 INFO Connection check task end

2026-10-04 22:30:57,401 INFO ConnectionMetrics, totalCount = 0, detail = {long_connection=0, long_polling=0}

2026-10-04 22:30:58,222 INFO Connection check task start

2026-10-04 22:30:58,222 INFO Long connection metrics detail ,Total count =0, sdkCount=0,clusterCount=0

2026-10-04 22:30:58,223 INFO Out dated connection ,size=0

2026-10-04 22:30:58,223 INFO Connection check task end

2026-10-04 22:31:00,413 INFO ConnectionMetrics, totalCount = 0, detail = {long_connection=0, long_polling=0}

2026-10-04 22:31:01,227 INFO Connection check task start

2026-10-04 22:31:01,227 INFO Long connection metrics detail ,Total count =0, sdkCount=0,clusterCount=0

2026-10-04 22:31:01,227 INFO Out dated connection ,size=0

2026-10-04 22:31:01,227 INFO Connection check task end

2026-10-04 22:31:03,416 INFO ConnectionMetrics, totalCount = 0, detail = {long_connection=0, long_polling=0}

2026-10-04 22:31:04,232 INFO Connection check task start

2026-10-04 22:31:04,232 INFO Long connection metrics detail ,Total count =0, sdkCount=0,clusterCount=0

2026-10-04 22:31:04,232 INFO Out dated connection ,size=0

2026-10-04 22:31:04,232 INFO Connection check task end

2026-10-04 22:31:06,427 INFO ConnectionMetrics, totalCount = 0, detail = {long_connection=0, long_polling=0}

2026-10-04 22:31:07,235 INFO Connection check task start

2026-10-04 22:31:07,235 INFO Long connection metrics detail ,Total count =0, sdkCount=0,clusterCount=0

2026-10-04 22:31:07,235 INFO Out dated connection ,size=0

2026-10-04 22:31:07,235 INFO Connection check task end

2026-10-04 22:31:09,437 INFO ConnectionMetrics, totalCount = 0, detail = {long_connection=0, long_polling=0}

2026-10-04 22:31:10,250 INFO Connection check task start

2026-10-04 22:31:10,250 INFO Long connection metrics detail ,Total count =0, sdkCount=0,clusterCount=0

2026-10-04 22:31:10,250 INFO Out dated connection ,size=0

2026-10-04 22:31:10,250 INFO Connection check task end

2026-10-04 22:31:12,440 INFO ConnectionMetrics, totalCount = 0, detail = {long_connection=0, long_polling=0}

2026-10-04 22:31:13,265 INFO Connection check task start

2026-10-04 22:31:13,265 INFO Long connection metrics detail ,Total count =0, sdkCount=0,clusterCount=0

2026-10-04 22:31:13,265 INFO Out dated connection ,size=0

2026-10-04 22:31:13,265 INFO Connection check task end

2026-10-04 22:31:15,452 INFO ConnectionMetrics, totalCount = 0, detail = {long_connection=0, long_polling=0}

2026-10-04 22:31:16,271 INFO Connection check task start

2026-10-04 22:31:16,271 INFO Long connection metrics detail ,Total count =0, sdkCount=0,clusterCount=0

2026-10-04 22:31:16,271 INFO Out dated connection ,size=0

2026-10-04 22:31:16,271 INFO Connection check task end

2026-10-04 22:31:18,462 INFO ConnectionMetrics, totalCount = 0, detail = {long_connection=0, long_polling=0}

2026-10-04 22:31:19,273 INFO Connection check task start

2026-10-04 22:31:19,273 INFO Long connection metrics detail ,Total count =0, sdkCount=0,clusterCount=0

2026-10-04 22:31:19,273 INFO Out dated connection ,size=0

2026-10-04 22:31:19,273 INFO Connection check task end

2026-10-04 22:31:21,474 INFO ConnectionMetrics, totalCount = 0, detail = {long_connection=0, long_polling=0}

2026-10-04 22:31:22,289 INFO Connection check task start

2026-10-04 22:31:22,289 INFO Long connection metrics detail ,Total count =0, sdkCount=0,clusterCount=0

2026-10-04 22:31:22,289 INFO Out dated connection ,size=0

2026-10-04 22:31:22,289 INFO Connection check task end

2026-10-04 22:31:24,481 INFO ConnectionMetrics, totalCount = 0, detail = {long_connection=0, long_polling=0}

2026-10-04 22:31:25,296 INFO Connection check task start

2026-10-04 22:31:25,296 INFO Long connection metrics detail ,Total count =0, sdkCount=0,clusterCount=0

2026-10-04 22:31:25,296 INFO Out dated connection ,size=0

2026-10-04 22:31:25,296 INFO Connection check task end

2026-10-04 22:31:27,492 INFO ConnectionMetrics, totalCount = 0, detail = {long_connection=0, long_polling=0}

2026-10-04 22:31:28,307 INFO Connection check task start

2026-10-04 22:31:28,307 INFO Long connection metrics detail ,Total count =0, sdkCount=0,clusterCount=0

2026-10-04 22:31:28,307 INFO Out dated connection ,size=0

2026-10-04 22:31:28,307 INFO Connection check task end

2026-10-04 22:31:30,498 INFO ConnectionMetrics, totalCount = 0, detail = {long_connection=0, long_polling=0}

2026-10-04 22:31:31,315 INFO Connection check task start

2026-10-04 22:31:31,315 INFO Long connection metrics detail ,Total count =0, sdkCount=0,clusterCount=0

2026-10-04 22:31:31,316 INFO Out dated connection ,size=0

2026-10-04 22:31:31,316 INFO Connection check task end

2026-10-04 22:31:33,512 INFO ConnectionMetrics, totalCount = 0, detail = {long_connection=0, long_polling=0}

2026-10-04 22:31:34,321 INFO Connection check task start

2026-10-04 22:31:34,321 INFO Long connection metrics detail ,Total count =0, sdkCount=0,clusterCount=0

2026-10-04 22:31:34,321 INFO Out dated connection ,size=0

2026-10-04 22:31:34,321 INFO Connection check task end

2026-10-04 22:31:36,517 INFO ConnectionMetrics, totalCount = 0, detail = {long_connection=0, long_polling=0}

2026-10-04 22:31:37,327 INFO Connection check task start

2026-10-04 22:31:37,327 INFO Long connection metrics detail ,Total count =0, sdkCount=0,clusterCount=0

2026-10-04 22:31:37,327 INFO Out dated connection ,size=0

2026-10-04 22:31:37,327 INFO Connection check task end

2026-10-04 22:31:39,524 INFO ConnectionMetrics, totalCount = 0, detail = {long_connection=0, long_polling=0}

2026-10-04 22:31:40,338 INFO Connection check task start

2026-10-04 22:31:40,338 INFO Long connection metrics detail ,Total count =0, sdkCount=0,clusterCount=0

2026-10-04 22:31:40,338 INFO Out dated connection ,size=0

2026-10-04 22:31:40,338 INFO Connection check task end

2026-10-04 22:31:42,526 INFO ConnectionMetrics, totalCount = 0, detail = {long_connection=0, long_polling=0}

2026-10-04 22:31:43,354 INFO Connection check task start

2026-10-04 22:31:43,354 INFO Long connection metrics detail ,Total count =0, sdkCount=0,clusterCount=0

2026-10-04 22:31:43,354 INFO Out dated connection ,size=0

2026-10-04 22:31:43,354 INFO Connection check task end

2026-10-04 22:31:45,537 INFO ConnectionMetrics, totalCount = 0, detail = {long_connection=0, long_polling=0}

2026-10-04 22:31:46,365 INFO Connection check task start

2026-10-04 22:31:46,365 INFO Long connection metrics detail ,Total count =0, sdkCount=0,clusterCount=0

2026-10-04 22:31:46,365 INFO Out dated connection ,size=0

2026-10-04 22:31:46,365 INFO Connection check task end

2026-10-04 22:31:48,550 INFO ConnectionMetrics, totalCount = 0, detail = {long_connection=0, long_polling=0}

2026-10-04 22:31:49,379 INFO Connection check task start

2026-10-04 22:31:49,379 INFO Long connection metrics detail ,Total count =0, sdkCount=0,clusterCount=0

2026-10-04 22:31:49,379 INFO Out dated connection ,size=0

2026-10-04 22:31:49,379 INFO Connection check task end

2026-10-04 22:31:51,565 INFO ConnectionMetrics, totalCount = 0, detail = {long_connection=0, long_polling=0}

2026-10-04 22:31:52,393 INFO Connection check task start

2026-10-04 22:31:52,393 INFO Long connection metrics detail ,Total count =0, sdkCount=0,clusterCount=0

2026-10-04 22:31:52,393 INFO Out dated connection ,size=0

2026-10-04 22:31:52,393 INFO Connection check task end

2026-10-04 22:31:54,575 INFO ConnectionMetrics, totalCount = 0, detail = {long_connection=0, long_polling=0}

2026-10-04 22:31:55,397 INFO Connection check task start

2026-10-04 22:31:55,397 INFO Long connection metrics detail ,Total count =0, sdkCount=0,clusterCount=0

2026-10-04 22:31:55,397 INFO Out dated connection ,size=0

2026-10-04 22:31:55,397 INFO Connection check task end

2026-10-04 22:31:57,589 INFO ConnectionMetrics, totalCount = 0, detail = {long_connection=0, long_polling=0}

2026-10-04 22:31:58,399 INFO Connection check task start

2026-10-04 22:31:58,399 INFO Long connection metrics detail ,Total count =0, sdkCount=0,clusterCount=0

2026-10-04 22:31:58,399 INFO Out dated connection ,size=0

2026-10-04 22:31:58,399 INFO Connection check task end

2026-10-04 22:32:00,597 INFO ConnectionMetrics, totalCount = 0, detail = {long_connection=0, long_polling=0}

2026-10-04 22:32:01,409 INFO Connection check task start

2026-10-04 22:32:01,409 INFO Long connection metrics detail ,Total count =0, sdkCount=0,clusterCount=0

2026-10-04 22:32:01,409 INFO Out dated connection ,size=0

2026-10-04 22:32:01,409 INFO Connection check task end

2026-10-04 22:32:03,610 INFO ConnectionMetrics, totalCount = 0, detail = {long_connection=0, long_polling=0}

2026-10-04 22:32:04,415 INFO Connection check task start

2026-10-04 22:32:04,415 INFO Long connection metrics detail ,Total count =0, sdkCount=0,clusterCount=0

2026-10-04 22:32:04,415 INFO Out dated connection ,size=0

2026-10-04 22:32:04,415 INFO Connection check task end

2026-10-04 22:32:06,615 INFO ConnectionMetrics, totalCount = 0, detail = {long_connection=0, long_polling=0}

2026-10-04 22:32:07,429 INFO Connection check task start

2026-10-04 22:32:07,429 INFO Long connection metrics detail ,Total count =0, sdkCount=0,clusterCount=0

2026-10-04 22:32:07,429 INFO Out dated connection ,size=0

2026-10-04 22:32:07,429 INFO Connection check task end

2026-10-04 22:32:09,629 INFO ConnectionMetrics, totalCount = 0, detail = {long_connection=0, long_polling=0}

2026-10-04 22:32:10,432 INFO Connection check task start

2026-10-04 22:32:10,432 INFO Long connection metrics detail ,Total count =0, sdkCount=0,clusterCount=0

2026-10-04 22:32:10,432 INFO Out dated connection ,size=0

2026-10-04 22:32:10,432 INFO Connection check task end

2026-10-04 22:32:12,641 INFO ConnectionMetrics, totalCount = 0, detail = {long_connection=0, long_polling=0}

2026-10-04 22:32:13,444 INFO Connection check task start

2026-10-04 22:32:13,444 INFO Long connection metrics detail ,Total count =0, sdkCount=0,clusterCount=0

2026-10-04 22:32:13,444 INFO Out dated connection ,size=0

2026-10-04 22:32:13,444 INFO Connection check task end

2026-10-04 22:32:15,650 INFO ConnectionMetrics, totalCount = 0, detail = {long_connection=0, long_polling=0}

2026-10-04 22:32:16,450 INFO Connection check task start

2026-10-04 22:32:16,450 INFO Long connection metrics detail ,Total count =0, sdkCount=0,clusterCount=0

2026-10-04 22:32:16,450 INFO Out dated connection ,size=0

2026-10-04 22:32:16,450 INFO Connection check task end

2026-10-04 22:32:18,660 INFO ConnectionMetrics, totalCount = 0, detail = {long_connection=0, long_polling=0}

2026-10-04 22:32:19,451 INFO Connection check task start

2026-10-04 22:32:19,451 INFO Long connection metrics detail ,Total count =0, sdkCount=0,clusterCount=0

2026-10-04 22:32:19,451 INFO Out dated connection ,size=0

2026-10-04 22:32:19,452 INFO Connection check task end

2026-10-04 22:32:21,664 INFO ConnectionMetrics, totalCount = 0, detail = {long_connection=0, long_polling=0}

2026-10-04 22:32:22,454 INFO Connection check task start

2026-10-04 22:32:22,454 INFO Long connection metrics detail ,Total count =0, sdkCount=0,clusterCount=0

2026-10-04 22:32:22,454 INFO Out dated connection ,size=0

2026-10-04 22:32:22,454 INFO Connection check task end

2026-10-04 22:32:24,673 INFO ConnectionMetrics, totalCount = 0, detail = {long_connection=0, long_polling=0}

2026-10-04 22:32:25,460 INFO Connection check task start

2026-10-04 22:32:25,495 INFO Long connection metrics detail ,Total count =0, sdkCount=0,clusterCount=0

2026-10-04 22:32:25,495 INFO Out dated connection ,size=0

2026-10-04 22:32:25,495 INFO Connection check task end

2026-10-04 22:32:27,680 INFO ConnectionMetrics, totalCount = 0, detail = {long_connection=0, long_polling=0}

2026-10-04 22:32:28,502 INFO Connection check task start

2026-10-04 22:32:28,502 INFO Long connection metrics detail ,Total count =0, sdkCount=0,clusterCount=0

2026-10-04 22:32:28,502 INFO Out dated connection ,size=0

2026-10-04 22:32:28,502 INFO Connection check task end

2026-10-04 22:32:30,685 INFO ConnectionMetrics, totalCount = 0, detail = {long_connection=0, long_polling=0}

2026-10-04 22:32:31,503 INFO Connection check task start

2026-10-04 22:32:31,503 INFO Long connection metrics detail ,Total count =0, sdkCount=0,clusterCount=0

2026-10-04 22:32:31,503 INFO Out dated connection ,size=0

2026-10-04 22:32:31,503 INFO Connection check task end

2026-10-04 22:32:33,695 INFO ConnectionMetrics, totalCount = 0, detail = {long_connection=0, long_polling=0}

2026-10-04 22:32:34,514 INFO Connection check task start

2026-10-04 22:32:34,514 INFO Long connection metrics detail ,Total count =0, sdkCount=0,clusterCount=0

2026-10-04 22:32:34,514 INFO Out dated connection ,size=0

2026-10-04 22:32:34,514 INFO Connection check task end

2026-10-04 22:32:36,703 INFO ConnectionMetrics, totalCount = 0, detail = {long_connection=0, long_polling=0}

2026-10-04 22:32:37,519 INFO Connection check task start

2026-10-04 22:32:37,519 INFO Long connection metrics detail ,Total count =0, sdkCount=0,clusterCount=0

2026-10-04 22:32:37,519 INFO Out dated connection ,size=0

2026-10-04 22:32:37,519 INFO Connection check task end

2026-10-04 22:32:39,712 INFO ConnectionMetrics, totalCount = 0, detail = {long_connection=0, long_polling=0}

2026-10-04 22:32:40,531 INFO Connection check task start

2026-10-04 22:32:40,531 INFO Long connection metrics detail ,Total count =0, sdkCount=0,clusterCount=0

2026-10-04 22:32:40,531 INFO Out dated connection ,size=0

2026-10-04 22:32:40,531 INFO Connection check task end

2026-10-04 22:32:42,719 INFO ConnectionMetrics, totalCount = 0, detail = {long_connection=0, long_polling=0}

2026-10-04 22:32:43,540 INFO Connection check task start

2026-10-04 22:32:43,540 INFO Long connection metrics detail ,Total count =0, sdkCount=0,clusterCount=0

2026-10-04 22:32:43,540 INFO Out dated connection ,size=0

2026-10-04 22:32:43,540 INFO Connection check task end

2026-10-04 22:32:45,726 INFO ConnectionMetrics, totalCount = 0, detail = {long_connection=0, long_polling=0}

2026-10-04 22:32:46,553 INFO Connection check task start

2026-10-04 22:32:46,553 INFO Long connection metrics detail ,Total count =0, sdkCount=0,clusterCount=0

2026-10-04 22:32:46,553 INFO Out dated connection ,size=0

2026-10-04 22:32:46,553 INFO Connection check task end

2026-10-04 22:32:48,739 INFO ConnectionMetrics, totalCount = 0, detail = {long_connection=0, long_polling=0}

2026-10-04 22:32:49,557 INFO Connection check task start

2026-10-04 22:32:49,557 INFO Long connection metrics detail ,Total count =0, sdkCount=0,clusterCount=0

2026-10-04 22:32:49,557 INFO Out dated connection ,size=0

2026-10-04 22:32:49,557 INFO Connection check task end

2026-10-04 22:32:51,740 INFO ConnectionMetrics, totalCount = 0, detail = {long_connection=0, long_polling=0}

2026-10-04 22:32:52,558 INFO Connection check task start

2026-10-04 22:32:52,558 INFO Long connection metrics detail ,Total count =0, sdkCount=0,clusterCount=0

2026-10-04 22:32:52,558 INFO Out dated connection ,size=0

2026-10-04 22:32:52,558 INFO Connection check task end

2026-10-04 22:32:54,752 INFO ConnectionMetrics, totalCount = 0, detail = {long_connection=0, long_polling=0}

2026-10-04 22:32:55,567 INFO Connection check task start

2026-10-04 22:32:55,567 INFO Long connection metrics detail ,Total count =0, sdkCount=0,clusterCount=0

2026-10-04 22:32:55,567 INFO Out dated connection ,size=0

2026-10-04 22:32:55,567 INFO Connection check task end

2026-10-04 22:32:57,756 INFO ConnectionMetrics, totalCount = 0, detail = {long_connection=0, long_polling=0}

2026-10-04 22:32:58,575 INFO Connection check task start

2026-10-04 22:32:58,575 INFO Long connection metrics detail ,Total count =0, sdkCount=0,clusterCount=0

2026-10-04 22:32:58,575 INFO Out dated connection ,size=0

2026-10-04 22:32:58,575 INFO Connection check task end

2026-10-04 22:33:00,762 INFO ConnectionMetrics, totalCount = 0, detail = {long_connection=0, long_polling=0}

2026-10-04 22:33:01,581 INFO Connection check task start

2026-10-04 22:33:01,581 INFO Long connection metrics detail ,Total count =0, sdkCount=0,clusterCount=0

2026-10-04 22:33:01,581 INFO Out dated connection ,size=0

2026-10-04 22:33:01,581 INFO Connection check task end

2026-10-04 22:33:03,771 INFO ConnectionMetrics, totalCount = 0, detail = {long_connection=0, long_polling=0}

2026-10-04 22:33:04,588 INFO Connection check task start

2026-10-04 22:33:04,588 INFO Long connection metrics detail ,Total count =0, sdkCount=0,clusterCount=0

2026-10-04 22:33:04,588 INFO Out dated connection ,size=0

2026-10-04 22:33:04,588 INFO Connection check task end

2026-10-04 22:33:06,773 INFO ConnectionMetrics, totalCount = 0, detail = {long_connection=0, long_polling=0}

2026-10-04 22:33:07,590 INFO Connection check task start

2026-10-04 22:33:07,590 INFO Long connection metrics detail ,Total count =0, sdkCount=0,clusterCount=0

2026-10-04 22:33:07,590 INFO Out dated connection ,size=0

2026-10-04 22:33:07,590 INFO Connection check task end

2026-10-04 22:33:09,780 INFO ConnectionMetrics, totalCount = 0, detail = {long_connection=0, long_polling=0}

2026-10-04 22:33:10,601 INFO Connection check task start

2026-10-04 22:33:10,601 INFO Long connection metrics detail ,Total count =0, sdkCount=0,clusterCount=0

2026-10-04 22:33:10,601 INFO Out dated connection ,size=0

2026-10-04 22:33:10,601 INFO Connection check task end

2026-10-04 22:33:12,786 INFO ConnectionMetrics, totalCount = 0, detail = {long_connection=0, long_polling=0}

2026-10-04 22:33:13,606 INFO Connection check task start

2026-10-04 22:33:13,606 INFO Long connection metrics detail ,Total count =0, sdkCount=0,clusterCount=0

2026-10-04 22:33:13,606 INFO Out dated connection ,size=0

2026-10-04 22:33:13,606 INFO Connection check task end

2026-10-04 22:33:15,793 INFO ConnectionMetrics, totalCount = 0, detail = {long_connection=0, long_polling=0}

2026-10-04 22:33:16,608 INFO Connection check task start

2026-10-04 22:33:16,608 INFO Long connection metrics detail ,Total count =0, sdkCount=0,clusterCount=0

2026-10-04 22:33:16,608 INFO Out dated connection ,size=0

2026-10-04 22:33:16,608 INFO Connection check task end

2026-10-04 22:33:18,808 INFO ConnectionMetrics, totalCount = 0, detail = {long_connection=0, long_polling=0}

2026-10-04 22:33:19,610 INFO Connection check task start

2026-10-04 22:33:19,611 INFO Long connection metrics detail ,Total count =0, sdkCount=0,clusterCount=0

2026-10-04 22:33:19,611 INFO Out dated connection ,size=0

2026-10-04 22:33:19,611 INFO Connection check task end

2026-10-04 22:33:21,812 INFO ConnectionMetrics, totalCount = 0, detail = {long_connection=0, long_polling=0}

2026-10-04 22:33:22,614 INFO Connection check task start

2026-10-04 22:33:22,615 INFO Long connection metrics detail ,Total count =0, sdkCount=0,clusterCount=0

2026-10-04 22:33:22,615 INFO Out dated connection ,size=0

2026-10-04 22:33:22,615 INFO Connection check task end

2026-10-04 22:33:24,818 INFO ConnectionMetrics, totalCount = 0, detail = {long_connection=0, long_polling=0}

2026-10-04 22:33:25,618 INFO Connection check task start

2026-10-04 22:33:25,618 INFO Long connection metrics detail ,Total count =0, sdkCount=0,clusterCount=0

2026-10-04 22:33:25,618 INFO Out dated connection ,size=0

2026-10-04 22:33:25,618 INFO Connection check task end

2026-10-04 22:33:27,832 INFO ConnectionMetrics, totalCount = 0, detail = {long_connection=0, long_polling=0}

2026-10-04 22:33:28,636 INFO Connection check task start

2026-10-04 22:33:28,636 INFO Long connection metrics detail ,Total count =0, sdkCount=0,clusterCount=0

2026-10-04 22:33:28,636 INFO Out dated connection ,size=0

2026-10-04 22:33:28,636 INFO Connection check task end

2026-10-04 22:33:30,834 INFO ConnectionMetrics, totalCount = 0, detail = {long_connection=0, long_polling=0}

2026-10-04 22:33:31,640 INFO Connection check task start

2026-10-04 22:33:31,640 INFO Long connection metrics detail ,Total count =0, sdkCount=0,clusterCount=0

2026-10-04 22:33:31,640 INFO Out dated connection ,size=0

2026-10-04 22:33:31,640 INFO Connection check task end

2026-10-04 22:33:33,840 INFO ConnectionMetrics, totalCount = 0, detail = {long_connection=0, long_polling=0}

2026-10-04 22:33:34,644 INFO Connection check task start

2026-10-04 22:33:34,644 INFO Long connection metrics detail ,Total count =0, sdkCount=0,clusterCount=0

2026-10-04 22:33:34,644 INFO Out dated connection ,size=0

2026-10-04 22:33:34,644 INFO Connection check task end

2026-10-04 22:33:36,853 INFO ConnectionMetrics, totalCount = 0, detail = {long_connection=0, long_polling=0}

2026-10-04 22:33:37,654 INFO Connection check task start

2026-10-04 22:33:37,654 INFO Long connection metrics detail ,Total count =0, sdkCount=0,clusterCount=0

2026-10-04 22:33:37,654 INFO Out dated connection ,size=0

2026-10-04 22:33:37,654 INFO Connection check task end

2026-10-04 22:33:39,855 INFO ConnectionMetrics, totalCount = 0, detail = {long_connection=0, long_polling=0}

2026-10-04 22:33:40,668 INFO Connection check task start

2026-10-04 22:33:40,668 INFO Long connection metrics detail ,Total count =0, sdkCount=0,clusterCount=0

2026-10-04 22:33:40,668 INFO Out dated connection ,size=0

2026-10-04 22:33:40,668 INFO Connection check task end

2026-10-04 22:33:42,857 INFO ConnectionMetrics, totalCount = 0, detail = {long_connection=0, long_polling=0}

2026-10-04 22:33:43,679 INFO Connection check task start

2026-10-04 22:33:43,679 INFO Long connection metrics detail ,Total count =0, sdkCount=0,clusterCount=0

2026-10-04 22:33:43,679 INFO Out dated connection ,size=0

2026-10-04 22:33:43,679 INFO Connection check task end

2026-10-04 22:33:45,863 INFO ConnectionMetrics, totalCount = 0, detail = {long_connection=0, long_polling=0}

2026-10-04 22:33:46,687 INFO Connection check task start

2026-10-04 22:33:46,687 INFO Long connection metrics detail ,Total count =0, sdkCount=0,clusterCount=0

2026-10-04 22:33:46,689 INFO Out dated connection ,size=0

2026-10-04 22:33:46,689 INFO Connection check task end

2026-10-04 22:33:48,865 INFO ConnectionMetrics, totalCount = 0, detail = {long_connection=0, long_polling=0}

2026-10-04 22:33:49,701 INFO Connection check task start

2026-10-04 22:33:49,701 INFO Long connection metrics detail ,Total count =0, sdkCount=0,clusterCount=0

2026-10-04 22:33:49,701 INFO Out dated connection ,size=0

2026-10-04 22:33:49,701 INFO Connection check task end

2026-10-04 22:33:51,866 INFO ConnectionMetrics, totalCount = 0, detail = {long_connection=0, long_polling=0}

2026-10-04 22:33:52,703 INFO Connection check task start

2026-10-04 22:33:52,739 INFO Long connection metrics detail ,Total count =0, sdkCount=0,clusterCount=0

2026-10-04 22:33:52,739 INFO Out dated connection ,size=0

2026-10-04 22:33:52,739 INFO Connection check task end

2026-10-04 22:33:54,881 INFO ConnectionMetrics, totalCount = 0, detail = {long_connection=0, long_polling=0}

2026-10-04 22:33:55,747 INFO Connection check task start

2026-10-04 22:33:55,747 INFO Long connection metrics detail ,Total count =0, sdkCount=0,clusterCount=0

2026-10-04 22:33:55,747 INFO Out dated connection ,size=0

2026-10-04 22:33:55,747 INFO Connection check task end

2026-10-04 22:33:57,892 INFO ConnectionMetrics, totalCount = 0, detail = {long_connection=0, long_polling=0}

2026-10-04 22:33:58,749 INFO Connection check task start

2026-10-04 22:33:58,749 INFO Long connection metrics detail ,Total count =0, sdkCount=0,clusterCount=0

2026-10-04 22:33:58,749 INFO Out dated connection ,size=0

2026-10-04 22:33:58,749 INFO Connection check task end

2026-10-04 22:34:00,907 INFO ConnectionMetrics, totalCount = 0, detail = {long_connection=0, long_polling=0}

2026-10-04 22:34:01,756 INFO Connection check task start

2026-10-04 22:34:01,756 INFO Long connection metrics detail ,Total count =0, sdkCount=0,clusterCount=0

2026-10-04 22:34:01,756 INFO Out dated connection ,size=0

2026-10-04 22:34:01,756 INFO Connection check task end

2026-10-04 22:34:03,918 INFO ConnectionMetrics, totalCount = 0, detail = {long_connection=0, long_polling=0}

2026-10-04 22:34:04,771 INFO Connection check task start

2026-10-04 22:34:04,771 INFO Long connection metrics detail ,Total count =0, sdkCount=0,clusterCount=0

2026-10-04 22:34:04,771 INFO Out dated connection ,size=0

2026-10-04 22:34:04,771 INFO Connection check task end

2026-10-04 22:34:06,933 INFO ConnectionMetrics, totalCount = 0, detail = {long_connection=0, long_polling=0}

2026-10-04 22:34:07,786 INFO Connection check task start

2026-10-04 22:34:07,786 INFO Long connection metrics detail ,Total count =0, sdkCount=0,clusterCount=0

2026-10-04 22:34:07,786 INFO Out dated connection ,size=0

2026-10-04 22:34:07,786 INFO Connection check task end

2026-10-04 22:34:09,935 INFO ConnectionMetrics, totalCount = 0, detail = {long_connection=0, long_polling=0}

2026-10-04 22:34:10,802 INFO Connection check task start

2026-10-04 22:34:10,802 INFO Long connection metrics detail ,Total count =0, sdkCount=0,clusterCount=0

2026-10-04 22:34:10,802 INFO Out dated connection ,size=0

2026-10-04 22:34:10,802 INFO Connection check task end

2026-10-04 22:34:12,950 INFO ConnectionMetrics, totalCount = 0, detail = {long_connection=0, long_polling=0}

2026-10-04 22:34:13,818 INFO Connection check task start

2026-10-04 22:34:13,818 INFO Long connection metrics detail ,Total count =0, sdkCount=0,clusterCount=0

2026-10-04 22:34:13,818 INFO Out dated connection ,size=0

2026-10-04 22:34:13,818 INFO Connection check task end

2026-10-04 22:34:15,952 INFO ConnectionMetrics, totalCount = 0, detail = {long_connection=0, long_polling=0}

2026-10-04 22:34:16,820 INFO Connection check task start

2026-10-04 22:34:16,820 INFO Long connection metrics detail ,Total count =0, sdkCount=0,clusterCount=0

2026-10-04 22:34:16,820 INFO Out dated connection ,size=0

2026-10-04 22:34:16,820 INFO Connection check task end

2026-10-04 22:34:18,962 INFO ConnectionMetrics, totalCount = 0, detail = {long_connection=0, long_polling=0}

2026-10-04 22:34:19,827 INFO Connection check task start

2026-10-04 22:34:19,827 INFO Long connection metrics detail ,Total count =0, sdkCount=0,clusterCount=0

2026-10-04 22:34:19,827 INFO Out dated connection ,size=0

2026-10-04 22:34:19,827 INFO Connection check task end

2026-10-04 22:34:21,969 INFO ConnectionMetrics, totalCount = 0, detail = {long_connection=0, long_polling=0}

2026-10-04 22:34:22,832 INFO Connection check task start

2026-10-04 22:34:22,832 INFO Long connection metrics detail ,Total count =0, sdkCount=0,clusterCount=0

2026-10-04 22:34:22,832 INFO Out dated connection ,size=0

2026-10-04 22:34:22,832 INFO Connection check task end

2026-10-04 22:34:24,977 INFO ConnectionMetrics, totalCount = 0, detail = {long_connection=0, long_polling=0}

2026-10-04 22:34:25,838 INFO Connection check task start

2026-10-04 22:34:25,838 INFO Long connection metrics detail ,Total count =0, sdkCount=0,clusterCount=0

2026-10-04 22:34:25,838 INFO Out dated connection ,size=0

2026-10-04 22:34:25,838 INFO Connection check task end

2026-10-04 22:34:27,991 INFO ConnectionMetrics, totalCount = 0, detail = {long_connection=0, long_polling=0}

2026-10-04 22:34:28,841 INFO Connection check task start

2026-10-04 22:34:28,841 INFO Long connection metrics detail ,Total count =0, sdkCount=0,clusterCount=0

2026-10-04 22:34:28,841 INFO Out dated connection ,size=0

2026-10-04 22:34:28,841 INFO Connection check task end

2026-10-04 22:34:30,993 INFO ConnectionMetrics, totalCount = 0, detail = {long_connection=0, long_polling=0}

2026-10-04 22:34:31,842 INFO Connection check task start

2026-10-04 22:34:31,842 INFO Long connection metrics detail ,Total count =0, sdkCount=0,clusterCount=0

2026-10-04 22:34:31,842 INFO Out dated connection ,size=0

2026-10-04 22:34:31,842 INFO Connection check task end

2026-10-04 22:34:33,995 INFO ConnectionMetrics, totalCount = 0, detail = {long_connection=0, long_polling=0}

2026-10-04 22:34:34,858 INFO Connection check task start

2026-10-04 22:34:34,858 INFO [capacityManagement] start correct usage

2026-10-04 22:34:34,858 INFO Long connection metrics detail ,Total count =0, sdkCount=0,clusterCount=0

2026-10-04 22:34:34,858 INFO Out dated connection ,size=0

2026-10-04 22:34:34,858 INFO Connection check task end

2026-10-04 22:34:34,859 INFO [capacityManagement] end correct usage, cost: 0.0011903s

2026-10-04 22:34:36,477 WARN clearConfigHistory start

2026-10-04 22:34:36,478 WARN clearConfigHistory, getBeforeStamp:2026-09-04 22:34:36.0, pageSize:1000

2026-10-04 22:34:37,009 INFO ConnectionMetrics, totalCount = 0, detail = {long_connection=0, long_polling=0}

2026-10-04 22:34:37,872 INFO Connection check task start

2026-10-04 22:34:37,872 INFO Long connection metrics detail ,Total count =0, sdkCount=0,clusterCount=0

2026-10-04 22:34:37,872 INFO Out dated connection ,size=0

2026-10-04 22:34:37,872 INFO Connection check task end

2026-10-04 22:34:40,023 INFO ConnectionMetrics, totalCount = 0, detail = {long_connection=0, long_polling=0}

2026-10-04 22:34:40,873 INFO Connection check task start

2026-10-04 22:34:40,873 INFO Long connection metrics detail ,Total count =0, sdkCount=0,clusterCount=0

2026-10-04 22:34:40,873 INFO Out dated connection ,size=0

2026-10-04 22:34:40,873 INFO Connection check task end

2026-10-04 22:34:43,038 INFO ConnectionMetrics, totalCount = 0, detail = {long_connection=0, long_polling=0}

2026-10-04 22:34:43,886 INFO Connection check task start

2026-10-04 22:34:43,886 INFO Long connection metrics detail ,Total count =0, sdkCount=0,clusterCount=0

2026-10-04 22:34:43,886 INFO Out dated connection ,size=0

2026-10-04 22:34:43,886 INFO Connection check task end

2026-10-04 22:34:46,043 INFO ConnectionMetrics, totalCount = 0, detail = {long_connection=0, long_polling=0}

2026-10-04 22:34:46,892 INFO Connection check task start

2026-10-04 22:34:46,892 INFO Long connection metrics detail ,Total count =0, sdkCount=0,clusterCount=0

2026-10-04 22:34:46,892 INFO Out dated connection ,size=0

2026-10-04 22:34:46,892 INFO Connection check task end

2026-10-04 22:34:49,049 INFO ConnectionMetrics, totalCount = 0, detail = {long_connection=0, long_polling=0}

2026-10-04 22:34:49,894 INFO Connection check task start

2026-10-04 22:34:49,894 INFO Long connection metrics detail ,Total count =0, sdkCount=0,clusterCount=0

2026-10-04 22:34:49,894 INFO Out dated connection ,size=0

2026-10-04 22:34:49,894 INFO Connection check task end

2026-10-04 22:34:52,057 INFO ConnectionMetrics, totalCount = 0, detail = {long_connection=0, long_polling=0}

2026-10-04 22:34:52,905 INFO Connection check task start

2026-10-04 22:34:52,905 INFO Long connection metrics detail ,Total count =0, sdkCount=0,clusterCount=0

2026-10-04 22:34:52,905 INFO Out dated connection ,size=0

2026-10-04 22:34:52,905 INFO Connection check task end

2026-10-04 22:34:55,060 INFO ConnectionMetrics, totalCount = 0, detail = {long_connection=0, long_polling=0}

2026-10-04 22:34:55,919 INFO Connection check task start

2026-10-04 22:34:55,919 INFO Long connection metrics detail ,Total count =0, sdkCount=0,clusterCount=0

2026-10-04 22:34:55,919 INFO Out dated connection ,size=0

2026-10-04 22:34:55,919 INFO Connection check task end

2026-10-04 22:34:58,073 INFO ConnectionMetrics, totalCount = 0, detail = {long_connection=0, long_polling=0}

2026-10-04 22:34:58,925 INFO Connection check task start

2026-10-04 22:34:58,925 INFO Long connection metrics detail ,Total count =0, sdkCount=0,clusterCount=0

2026-10-04 22:34:58,925 INFO Out dated connection ,size=0

2026-10-04 22:34:58,925 INFO Connection check task end

2026-10-04 22:35:01,081 INFO ConnectionMetrics, totalCount = 0, detail = {long_connection=0, long_polling=0}

2026-10-04 22:35:01,928 INFO Connection check task start

2026-10-04 22:35:01,928 INFO Long connection metrics detail ,Total count =0, sdkCount=0,clusterCount=0

2026-10-04 22:35:01,928 INFO Out dated connection ,size=0

2026-10-04 22:35:01,929 INFO Connection check task end

2026-10-04 22:35:04,088 INFO ConnectionMetrics, totalCount = 0, detail = {long_connection=0, long_polling=0}

2026-10-04 22:35:04,935 INFO Connection check task start

2026-10-04 22:35:04,935 INFO Long connection metrics detail ,Total count =0, sdkCount=0,clusterCount=0

2026-10-04 22:35:04,935 INFO Out dated connection ,size=0

2026-10-04 22:35:04,935 INFO Connection check task end

2026-10-04 22:35:07,097 INFO ConnectionMetrics, totalCount = 0, detail = {long_connection=0, long_polling=0}

2026-10-04 22:35:07,938 INFO Connection check task start

2026-10-04 22:35:07,938 INFO Long connection metrics detail ,Total count =0, sdkCount=0,clusterCount=0

2026-10-04 22:35:07,938 INFO Out dated connection ,size=0

2026-10-04 22:35:07,938 INFO Connection check task end

2026-10-04 22:35:10,105 INFO ConnectionMetrics, totalCount = 0, detail = {long_connection=0, long_polling=0}

2026-10-04 22:35:10,948 INFO Connection check task start

2026-10-04 22:35:10,948 INFO Long connection metrics detail ,Total count =0, sdkCount=0,clusterCount=0

2026-10-04 22:35:10,948 INFO Out dated connection ,size=0

2026-10-04 22:35:10,948 INFO Connection check task end

2026-10-04 22:35:13,109 INFO ConnectionMetrics, totalCount = 0, detail = {long_connection=0, long_polling=0}

2026-10-04 22:35:13,959 INFO Connection check task start

2026-10-04 22:35:13,959 INFO Long connection metrics detail ,Total count =0, sdkCount=0,clusterCount=0

2026-10-04 22:35:13,959 INFO Out dated connection ,size=0

2026-10-04 22:35:13,959 INFO Connection check task end

2026-10-04 22:35:16,119 INFO ConnectionMetrics, totalCount = 0, detail = {long_connection=0, long_polling=0}

2026-10-04 22:35:16,973 INFO Connection check task start

2026-10-04 22:35:16,973 INFO Long connection metrics detail ,Total count =0, sdkCount=0,clusterCount=0

2026-10-04 22:35:16,973 INFO Out dated connection ,size=0

2026-10-04 22:35:16,973 INFO Connection check task end

2026-10-04 22:35:19,128 INFO ConnectionMetrics, totalCount = 0, detail = {long_connection=0, long_polling=0}

2026-10-04 22:35:19,987 INFO Connection check task start

2026-10-04 22:35:19,987 INFO Long connection metrics detail ,Total count =0, sdkCount=0,clusterCount=0

2026-10-04 22:35:19,987 INFO Out dated connection ,size=0

2026-10-04 22:35:19,987 INFO Connection check task end

2026-10-04 22:35:22,131 INFO ConnectionMetrics, totalCount = 0, detail = {long_connection=0, long_polling=0}

2026-10-04 22:35:23,001 INFO Connection check task start

2026-10-04 22:35:23,001 INFO Long connection metrics detail ,Total count =0, sdkCount=0,clusterCount=0

2026-10-04 22:35:23,001 INFO Out dated connection ,size=0

2026-10-04 22:35:23,001 INFO Connection check task end

2026-10-04 22:35:25,145 INFO ConnectionMetrics, totalCount = 0, detail = {long_connection=0, long_polling=0}

2026-10-04 22:35:26,010 INFO Connection check task start

2026-10-04 22:35:26,010 INFO Long connection metrics detail ,Total count =0, sdkCount=0,clusterCount=0

2026-10-04 22:35:26,010 INFO Out dated connection ,size=0

2026-10-04 22:35:26,011 INFO Connection check task end

2026-10-04 22:35:28,156 INFO ConnectionMetrics, totalCount = 0, detail = {long_connection=0, long_polling=0}

2026-10-04 22:35:29,021 INFO Connection check task start

2026-10-04 22:35:29,022 INFO Long connection metrics detail ,Total count =0, sdkCount=0,clusterCount=0

2026-10-04 22:35:29,022 INFO Out dated connection ,size=0

2026-10-04 22:35:29,022 INFO Connection check task end

2026-10-04 22:35:31,159 INFO ConnectionMetrics, totalCount = 0, detail = {long_connection=0, long_polling=0}

2026-10-04 22:35:32,038 INFO Connection check task start

2026-10-04 22:35:32,038 INFO Long connection metrics detail ,Total count =0, sdkCount=0,clusterCount=0

2026-10-04 22:35:32,038 INFO Out dated connection ,size=0

2026-10-04 22:35:32,038 INFO Connection check task end

2026-10-04 22:35:34,162 INFO ConnectionMetrics, totalCount = 0, detail = {long_connection=0, long_polling=0}

2026-10-04 22:35:35,046 INFO Connection check task start

2026-10-04 22:35:35,046 INFO Long connection metrics detail ,Total count =0, sdkCount=0,clusterCount=0

2026-10-04 22:35:35,046 INFO Out dated connection ,size=0

2026-10-04 22:35:35,046 INFO Connection check task end

2026-10-04 22:35:37,178 INFO ConnectionMetrics, totalCount = 0, detail = {long_connection=0, long_polling=0}

2026-10-04 22:35:38,054 INFO Connection check task start

2026-10-04 22:35:38,054 INFO Long connection metrics detail ,Total count =0, sdkCount=0,clusterCount=0

2026-10-04 22:35:38,054 INFO Out dated connection ,size=0

2026-10-04 22:35:38,054 INFO Connection check task end

2026-10-04 22:35:40,189 INFO ConnectionMetrics, totalCount = 0, detail = {long_connection=0, long_polling=0}

2026-10-04 22:35:41,066 INFO Connection check task start

2026-10-04 22:35:41,066 INFO Long connection metrics detail ,Total count =0, sdkCount=0,clusterCount=0

2026-10-04 22:35:41,066 INFO Out dated connection ,size=0

2026-10-04 22:35:41,066 INFO Connection check task end

2026-10-04 22:35:43,203 INFO ConnectionMetrics, totalCount = 0, detail = {long_connection=0, long_polling=0}

2026-10-04 22:35:44,069 INFO Connection check task start

2026-10-04 22:35:44,069 INFO Long connection metrics detail ,Total count =0, sdkCount=0,clusterCount=0

2026-10-04 22:35:44,069 INFO Out dated connection ,size=0

2026-10-04 22:35:44,069 INFO Connection check task end

2026-10-04 22:35:46,218 INFO ConnectionMetrics, totalCount = 0, detail = {long_connection=0, long_polling=0}

2026-10-04 22:35:47,072 INFO Connection check task start

2026-10-04 22:35:47,072 INFO Long connection metrics detail ,Total count =0, sdkCount=0,clusterCount=0

2026-10-04 22:35:47,072 INFO Out dated connection ,size=0

2026-10-04 22:35:47,072 INFO Connection check task end

2026-10-04 22:35:49,229 INFO ConnectionMetrics, totalCount = 0, detail = {long_connection=0, long_polling=0}

2026-10-04 22:35:50,080 INFO Connection check task start

2026-10-04 22:35:50,080 INFO Long connection metrics detail ,Total count =0, sdkCount=0,clusterCount=0

2026-10-04 22:35:50,080 INFO Out dated connection ,size=0

2026-10-04 22:35:50,080 INFO Connection check task end

2026-10-04 22:35:52,236 INFO ConnectionMetrics, totalCount = 0, detail = {long_connection=0, long_polling=0}

2026-10-04 22:35:53,084 INFO Connection check task start

2026-10-04 22:35:53,084 INFO Long connection metrics detail ,Total count =0, sdkCount=0,clusterCount=0

2026-10-04 22:35:53,084 INFO Out dated connection ,size=0

2026-10-04 22:35:53,084 INFO Connection check task end

2026-10-04 22:35:55,239 INFO ConnectionMetrics, totalCount = 0, detail = {long_connection=0, long_polling=0}

2026-10-04 22:35:56,098 INFO Connection check task start

2026-10-04 22:35:56,098 INFO Long connection metrics detail ,Total count =0, sdkCount=0,clusterCount=0

2026-10-04 22:35:56,098 INFO Out dated connection ,size=0

2026-10-04 22:35:56,098 INFO Connection check task end

2026-10-04 22:35:58,254 INFO ConnectionMetrics, totalCount = 0, detail = {long_connection=0, long_polling=0}

2026-10-04 22:35:59,112 INFO Connection check task start

2026-10-04 22:35:59,112 INFO Long connection metrics detail ,Total count =0, sdkCount=0,clusterCount=0

2026-10-04 22:35:59,112 INFO Out dated connection ,size=0

2026-10-04 22:35:59,112 INFO Connection check task end

2026-10-04 22:36:01,256 INFO ConnectionMetrics, totalCount = 0, detail = {long_connection=0, long_polling=0}

2026-10-04 22:36:02,117 INFO Connection check task start

2026-10-04 22:36:02,117 INFO Long connection metrics detail ,Total count =0, sdkCount=0,clusterCount=0

2026-10-04 22:36:02,117 INFO Out dated connection ,size=0

2026-10-04 22:36:02,117 INFO Connection check task end

2026-10-04 22:36:04,263 INFO ConnectionMetrics, totalCount = 0, detail = {long_connection=0, long_polling=0}

2026-10-04 22:36:05,121 INFO Connection check task start

2026-10-04 22:36:05,121 INFO Long connection metrics detail ,Total count =0, sdkCount=0,clusterCount=0

2026-10-04 22:36:05,121 INFO Out dated connection ,size=0

2026-10-04 22:36:05,121 INFO Connection check task end

2026-10-04 22:36:07,278 INFO ConnectionMetrics, totalCount = 0, detail = {long_connection=0, long_polling=0}

2026-10-04 22:36:08,124 INFO Connection check task start

2026-10-04 22:36:08,124 INFO Long connection metrics detail ,Total count =0, sdkCount=0,clusterCount=0

2026-10-04 22:36:08,124 INFO Out dated connection ,size=0

2026-10-04 22:36:08,124 INFO Connection check task end

2026-10-04 22:36:10,282 INFO ConnectionMetrics, totalCount = 0, detail = {long_connection=0, long_polling=0}

2026-10-04 22:36:11,139 INFO Connection check task start

2026-10-04 22:36:11,139 INFO Long connection metrics detail ,Total count =0, sdkCount=0,clusterCount=0

2026-10-04 22:36:11,139 INFO Out dated connection ,size=0

2026-10-04 22:36:11,139 INFO Connection check task end

2026-10-04 22:36:13,294 INFO ConnectionMetrics, totalCount = 0, detail = {long_connection=0, long_polling=0}

2026-10-04 22:36:14,141 INFO Connection check task start

2026-10-04 22:36:14,141 INFO Long connection metrics detail ,Total count =0, sdkCount=0,clusterCount=0

2026-10-04 22:36:14,141 INFO Out dated connection ,size=0

2026-10-04 22:36:14,141 INFO Connection check task end

2026-10-04 22:36:16,302 INFO ConnectionMetrics, totalCount = 0, detail = {long_connection=0, long_polling=0}

2026-10-04 22:36:17,147 INFO Connection check task start

2026-10-04 22:36:17,147 INFO Long connection metrics detail ,Total count =0, sdkCount=0,clusterCount=0

2026-10-04 22:36:17,147 INFO Out dated connection ,size=0

2026-10-04 22:36:17,147 INFO Connection check task end

2026-10-04 22:36:19,306 INFO ConnectionMetrics, totalCount = 0, detail = {long_connection=0, long_polling=0}

2026-10-04 22:36:20,161 INFO Connection check task start

2026-10-04 22:36:20,161 INFO Long connection metrics detail ,Total count =0, sdkCount=0,clusterCount=0

2026-10-04 22:36:20,161 INFO Out dated connection ,size=0

2026-10-04 22:36:20,161 INFO Connection check task end

2026-10-04 22:36:22,312 INFO ConnectionMetrics, totalCount = 0, detail = {long_connection=0, long_polling=0}

2026-10-04 22:36:23,172 INFO Connection check task start

2026-10-04 22:36:23,172 INFO Long connection metrics detail ,Total count =0, sdkCount=0,clusterCount=0

2026-10-04 22:36:23,172 INFO Out dated connection ,size=0

2026-10-04 22:36:23,172 INFO Connection check task end

2026-10-04 22:36:25,328 INFO ConnectionMetrics, totalCount = 0, detail = {long_connection=0, long_polling=0}

2026-10-04 22:36:26,174 INFO Connection check task start

2026-10-04 22:36:26,174 INFO Long connection metrics detail ,Total count =0, sdkCount=0,clusterCount=0

2026-10-04 22:36:26,174 INFO Out dated connection ,size=0

2026-10-04 22:36:26,174 INFO Connection check task end

2026-10-04 22:36:28,342 INFO ConnectionMetrics, totalCount = 0, detail = {long_connection=0, long_polling=0}

2026-10-04 22:36:29,188 INFO Connection check task start

2026-10-04 22:36:29,188 INFO Long connection metrics detail ,Total count =0, sdkCount=0,clusterCount=0

2026-10-04 22:36:29,188 INFO Out dated connection ,size=0

2026-10-04 22:36:29,188 INFO Connection check task end

2026-10-04 22:36:31,347 INFO ConnectionMetrics, totalCount = 0, detail = {long_connection=0, long_polling=0}

2026-10-04 22:36:32,189 INFO Connection check task start

2026-10-04 22:36:32,189 INFO Long connection metrics detail ,Total count =0, sdkCount=0,clusterCount=0

2026-10-04 22:36:32,189 INFO Out dated connection ,size=0

2026-10-04 22:36:32,189 INFO Connection check task end

2026-10-04 22:36:34,351 INFO ConnectionMetrics, totalCount = 0, detail = {long_connection=0, long_polling=0}

2026-10-04 22:36:35,199 INFO Connection check task start

2026-10-04 22:36:35,199 INFO Long connection metrics detail ,Total count =0, sdkCount=0,clusterCount=0

2026-10-04 22:36:35,200 INFO Out dated connection ,size=0

2026-10-04 22:36:35,200 INFO Connection check task end

2026-10-04 22:36:37,361 INFO ConnectionMetrics, totalCount = 0, detail = {long_connection=0, long_polling=0}

2026-10-04 22:36:38,224 INFO Connection check task start

2026-10-04 22:36:38,225 INFO Long connection metrics detail ,Total count =0, sdkCount=0,clusterCount=0

2026-10-04 22:36:38,225 INFO Out dated connection ,size=0

2026-10-04 22:36:38,225 INFO Connection check task end

2026-10-04 22:36:40,363 INFO ConnectionMetrics, totalCount = 0, detail = {long_connection=0, long_polling=0}

2026-10-04 22:36:41,227 INFO Connection check task start

2026-10-04 22:36:41,227 INFO Long connection metrics detail ,Total count =0, sdkCount=0,clusterCount=0

2026-10-04 22:36:41,227 INFO Out dated connection ,size=0

2026-10-04 22:36:41,227 INFO Connection check task end

2026-10-04 22:36:43,375 INFO ConnectionMetrics, totalCount = 0, detail = {long_connection=0, long_polling=0}

2026-10-04 22:36:44,240 INFO Connection check task start

2026-10-04 22:36:44,240 INFO Long connection metrics detail ,Total count =0, sdkCount=0,clusterCount=0

2026-10-04 22:36:44,240 INFO Out dated connection ,size=0

2026-10-04 22:36:44,240 INFO Connection check task end

2026-10-04 22:36:46,389 INFO ConnectionMetrics, totalCount = 0, detail = {long_connection=0, long_polling=0}

2026-10-04 22:36:47,252 INFO Connection check task start

2026-10-04 22:36:47,252 INFO Long connection metrics detail ,Total count =0, sdkCount=0,clusterCount=0

2026-10-04 22:36:47,252 INFO Out dated connection ,size=0

2026-10-04 22:36:47,252 INFO Connection check task end

2026-10-04 22:36:49,397 INFO ConnectionMetrics, totalCount = 0, detail = {long_connection=0, long_polling=0}

2026-10-04 22:36:50,256 INFO Connection check task start

2026-10-04 22:36:50,256 INFO Long connection metrics detail ,Total count =0, sdkCount=0,clusterCount=0

2026-10-04 22:36:50,256 INFO Out dated connection ,size=0

2026-10-04 22:36:50,256 INFO Connection check task end

2026-10-04 22:36:52,398 INFO ConnectionMetrics, totalCount = 0, detail = {long_connection=0, long_polling=0}

2026-10-04 22:36:53,270 INFO Connection check task start

2026-10-04 22:36:53,270 INFO Long connection metrics detail ,Total count =0, sdkCount=0,clusterCount=0

2026-10-04 22:36:53,270 INFO Out dated connection ,size=0

2026-10-04 22:36:53,270 INFO Connection check task end

2026-10-04 22:36:55,406 INFO ConnectionMetrics, totalCount = 0, detail = {long_connection=0, long_polling=0}

2026-10-04 22:36:56,282 INFO Connection check task start

2026-10-04 22:36:56,282 INFO Long connection metrics detail ,Total count =0, sdkCount=0,clusterCount=0

2026-10-04 22:36:56,282 INFO Out dated connection ,size=0

2026-10-04 22:36:56,282 INFO Connection check task end

2026-10-04 22:36:58,421 INFO ConnectionMetrics, totalCount = 0, detail = {long_connection=0, long_polling=0}

2026-10-04 22:36:59,297 INFO Connection check task start

2026-10-04 22:36:59,297 INFO Long connection metrics detail ,Total count =0, sdkCount=0,clusterCount=0

2026-10-04 22:36:59,297 INFO Out dated connection ,size=0

2026-10-04 22:36:59,297 INFO Connection check task end

2026-10-04 22:37:01,425 INFO ConnectionMetrics, totalCount = 0, detail = {long_connection=0, long_polling=0}

2026-10-04 22:37:02,303 INFO Connection check task start

2026-10-04 22:37:02,303 INFO Long connection metrics detail ,Total count =0, sdkCount=0,clusterCount=0

2026-10-04 22:37:02,303 INFO Out dated connection ,size=0

2026-10-04 22:37:02,303 INFO Connection check task end

2026-10-04 22:37:04,430 INFO ConnectionMetrics, totalCount = 0, detail = {long_connection=0, long_polling=0}

2026-10-04 22:37:05,307 INFO Connection check task start

2026-10-04 22:37:05,307 INFO Long connection metrics detail ,Total count =0, sdkCount=0,clusterCount=0

2026-10-04 22:37:05,307 INFO Out dated connection ,size=0

2026-10-04 22:37:05,307 INFO Connection check task end

2026-10-04 22:37:07,439 INFO ConnectionMetrics, totalCount = 0, detail = {long_connection=0, long_polling=0}

2026-10-04 22:37:08,318 INFO Connection check task start

2026-10-04 22:37:08,318 INFO Long connection metrics detail ,Total count =0, sdkCount=0,clusterCount=0

2026-10-04 22:37:08,318 INFO Out dated connection ,size=0

2026-10-04 22:37:08,318 INFO Connection check task end

2026-10-04 22:37:10,447 INFO ConnectionMetrics, totalCount = 0, detail = {long_connection=0, long_polling=0}

2026-10-04 22:37:11,322 INFO Connection check task start

2026-10-04 22:37:11,322 INFO Long connection metrics detail ,Total count =0, sdkCount=0,clusterCount=0

2026-10-04 22:37:11,322 INFO Out dated connection ,size=0

2026-10-04 22:37:11,322 INFO Connection check task end

2026-10-04 22:37:13,458 INFO ConnectionMetrics, totalCount = 0, detail = {long_connection=0, long_polling=0}

2026-10-04 22:37:14,333 INFO Connection check task start

2026-10-04 22:37:14,333 INFO Long connection metrics detail ,Total count =0, sdkCount=0,clusterCount=0

2026-10-04 22:37:14,333 INFO Out dated connection ,size=0

2026-10-04 22:37:14,333 INFO Connection check task end

2026-10-04 22:37:16,470 INFO ConnectionMetrics, totalCount = 0, detail = {long_connection=0, long_polling=0}

2026-10-04 22:37:17,347 INFO Connection check task start

2026-10-04 22:37:17,347 INFO Long connection metrics detail ,Total count =0, sdkCount=0,clusterCount=0

2026-10-04 22:37:17,347 INFO Out dated connection ,size=0

2026-10-04 22:37:17,347 INFO Connection check task end

2026-10-04 22:37:19,472 INFO ConnectionMetrics, totalCount = 0, detail = {long_connection=0, long_polling=0}

2026-10-04 22:37:20,353 INFO Connection check task start

2026-10-04 22:37:20,353 INFO Long connection metrics detail ,Total count =0, sdkCount=0,clusterCount=0

2026-10-04 22:37:20,353 INFO Out dated connection ,size=0

2026-10-04 22:37:20,354 INFO Connection check task end

2026-10-04 22:37:22,474 INFO ConnectionMetrics, totalCount = 0, detail = {long_connection=0, long_polling=0}

2026-10-04 22:37:23,367 INFO Connection check task start

2026-10-04 22:37:23,367 INFO Long connection metrics detail ,Total count =0, sdkCount=0,clusterCount=0

2026-10-04 22:37:23,367 INFO Out dated connection ,size=0

2026-10-04 22:37:23,367 INFO Connection check task end

2026-10-04 22:37:25,488 INFO ConnectionMetrics, totalCount = 0, detail = {long_connection=0, long_polling=0}

2026-10-04 22:37:26,383 INFO Connection check task start

2026-10-04 22:37:26,383 INFO Long connection metrics detail ,Total count =0, sdkCount=0,clusterCount=0

2026-10-04 22:37:26,383 INFO Out dated connection ,size=0

2026-10-04 22:37:26,383 INFO Connection check task end

2026-10-04 22:37:28,497 INFO ConnectionMetrics, totalCount = 0, detail = {long_connection=0, long_polling=0}

2026-10-04 22:37:29,395 INFO Connection check task start

2026-10-04 22:37:29,395 INFO Long connection metrics detail ,Total count =0, sdkCount=0,clusterCount=0

2026-10-04 22:37:29,395 INFO Out dated connection ,size=0

2026-10-04 22:37:29,395 INFO Connection check task end

2026-10-04 22:37:31,509 INFO ConnectionMetrics, totalCount = 0, detail = {long_connection=0, long_polling=0}

2026-10-04 22:37:32,398 INFO Connection check task start

2026-10-04 22:37:32,398 INFO Long connection metrics detail ,Total count =0, sdkCount=0,clusterCount=0

2026-10-04 22:37:32,398 INFO Out dated connection ,size=0

2026-10-04 22:37:32,398 INFO Connection check task end

2026-10-04 22:37:34,515 INFO ConnectionMetrics, totalCount = 0, detail = {long_connection=0, long_polling=0}

2026-10-04 22:37:35,411 INFO Connection check task start

2026-10-04 22:37:35,411 INFO Long connection metrics detail ,Total count =0, sdkCount=0,clusterCount=0

2026-10-04 22:37:35,411 INFO Out dated connection ,size=0

2026-10-04 22:37:35,411 INFO Connection check task end

2026-10-04 22:37:37,520 INFO ConnectionMetrics, totalCount = 0, detail = {long_connection=0, long_polling=0}

2026-10-04 22:37:38,415 INFO Connection check task start

2026-10-04 22:37:38,415 INFO Long connection metrics detail ,Total count =0, sdkCount=0,clusterCount=0

2026-10-04 22:37:38,415 INFO Out dated connection ,size=0

2026-10-04 22:37:38,415 INFO Connection check task end

2026-10-04 22:37:40,531 INFO ConnectionMetrics, totalCount = 0, detail = {long_connection=0, long_polling=0}

2026-10-04 22:37:41,425 INFO Connection check task start

2026-10-04 22:37:41,425 INFO Long connection metrics detail ,Total count =0, sdkCount=0,clusterCount=0

2026-10-04 22:37:41,425 INFO Out dated connection ,size=0

2026-10-04 22:37:41,425 INFO Connection check task end

2026-10-04 22:37:43,536 INFO ConnectionMetrics, totalCount = 0, detail = {long_connection=0, long_polling=0}

2026-10-04 22:37:44,431 INFO Connection check task start

2026-10-04 22:37:44,432 INFO Long connection metrics detail ,Total count =0, sdkCount=0,clusterCount=0

2026-10-04 22:37:44,432 INFO Out dated connection ,size=0

2026-10-04 22:37:44,432 INFO Connection check task end

2026-10-04 22:37:46,551 INFO ConnectionMetrics, totalCount = 0, detail = {long_connection=0, long_polling=0}

2026-10-04 22:37:47,447 INFO Connection check task start

2026-10-04 22:37:47,447 INFO Long connection metrics detail ,Total count =0, sdkCount=0,clusterCount=0

2026-10-04 22:37:47,447 INFO Out dated connection ,size=0

2026-10-04 22:37:47,447 INFO Connection check task end

2026-10-04 22:37:49,554 INFO ConnectionMetrics, totalCount = 0, detail = {long_connection=0, long_polling=0}

2026-10-04 22:37:50,451 INFO Connection check task start

2026-10-04 22:37:50,451 INFO Long connection metrics detail ,Total count =0, sdkCount=0,clusterCount=0

2026-10-04 22:37:50,451 INFO Out dated connection ,size=0

2026-10-04 22:37:50,451 INFO Connection check task end

2026-10-04 22:37:52,562 INFO ConnectionMetrics, totalCount = 0, detail = {long_connection=0, long_polling=0}

2026-10-04 22:37:53,453 INFO Connection check task start

2026-10-04 22:37:53,453 INFO Long connection metrics detail ,Total count =0, sdkCount=0,clusterCount=0

2026-10-04 22:37:53,453 INFO Out dated connection ,size=0

2026-10-04 22:37:53,453 INFO Connection check task end

2026-10-04 22:37:55,573 INFO ConnectionMetrics, totalCount = 0, detail = {long_connection=0, long_polling=0}

2026-10-04 22:37:56,469 INFO Connection check task start

2026-10-04 22:37:56,469 INFO Long connection metrics detail ,Total count =0, sdkCount=0,clusterCount=0

2026-10-04 22:37:56,469 INFO Out dated connection ,size=0

2026-10-04 22:37:56,469 INFO Connection check task end

2026-10-04 22:37:58,585 INFO ConnectionMetrics, totalCount = 0, detail = {long_connection=0, long_polling=0}

2026-10-04 22:37:59,482 INFO Connection check task start

2026-10-04 22:37:59,482 INFO Long connection metrics detail ,Total count =0, sdkCount=0,clusterCount=0

2026-10-04 22:37:59,482 INFO Out dated connection ,size=0

2026-10-04 22:37:59,482 INFO Connection check task end

2026-10-04 22:38:01,587 INFO ConnectionMetrics, totalCount = 0, detail = {long_connection=0, long_polling=0}

2026-10-04 22:38:02,487 INFO Connection check task start

2026-10-04 22:38:02,487 INFO Long connection metrics detail ,Total count =0, sdkCount=0,clusterCount=0

2026-10-04 22:38:02,487 INFO Out dated connection ,size=0

2026-10-04 22:38:02,487 INFO Connection check task end

2026-10-04 22:38:04,600 INFO ConnectionMetrics, totalCount = 0, detail = {long_connection=0, long_polling=0}

2026-10-04 22:38:05,499 INFO Connection check task start

2026-10-04 22:38:05,499 INFO Long connection metrics detail ,Total count =0, sdkCount=0,clusterCount=0

2026-10-04 22:38:05,499 INFO Out dated connection ,size=0

2026-10-04 22:38:05,499 INFO Connection check task end

2026-10-04 22:38:07,610 INFO ConnectionMetrics, totalCount = 0, detail = {long_connection=0, long_polling=0}

2026-10-04 22:38:08,508 INFO Connection check task start

2026-10-04 22:38:08,508 INFO Long connection metrics detail ,Total count =0, sdkCount=0,clusterCount=0

2026-10-04 22:38:08,508 INFO Out dated connection ,size=0

2026-10-04 22:38:08,509 INFO Connection check task end

2026-10-04 22:38:10,655 INFO ConnectionMetrics, totalCount = 0, detail = {long_connection=0, long_polling=0}

2026-10-04 22:38:11,511 INFO Connection check task start

2026-10-04 22:38:11,511 INFO Long connection metrics detail ,Total count =0, sdkCount=0,clusterCount=0

2026-10-04 22:38:11,511 INFO Out dated connection ,size=0

2026-10-04 22:38:11,511 INFO Connection check task end

2026-10-04 22:38:13,671 INFO ConnectionMetrics, totalCount = 0, detail = {long_connection=0, long_polling=0}

2026-10-04 22:38:14,520 INFO Connection check task start

2026-10-04 22:38:14,520 INFO Long connection metrics detail ,Total count =0, sdkCount=0,clusterCount=0

2026-10-04 22:38:14,521 INFO Out dated connection ,size=0

2026-10-04 22:38:14,521 INFO Connection check task end

2026-10-04 22:38:16,682 INFO ConnectionMetrics, totalCount = 0, detail = {long_connection=0, long_polling=0}

2026-10-04 22:38:17,522 INFO Connection check task start

2026-10-04 22:38:17,522 INFO Long connection metrics detail ,Total count =0, sdkCount=0,clusterCount=0

2026-10-04 22:38:17,522 INFO Out dated connection ,size=0

2026-10-04 22:38:17,522 INFO Connection check task end

2026-10-04 22:38:19,695 INFO ConnectionMetrics, totalCount = 0, detail = {long_connection=0, long_polling=0}

2026-10-04 22:38:20,531 INFO Connection check task start

2026-10-04 22:38:20,531 INFO Long connection metrics detail ,Total count =0, sdkCount=0,clusterCount=0

2026-10-04 22:38:20,531 INFO Out dated connection ,size=0

2026-10-04 22:38:20,531 INFO Connection check task end

2026-10-04 22:38:22,706 INFO ConnectionMetrics, totalCount = 0, detail = {long_connection=0, long_polling=0}

2026-10-04 22:38:23,539 INFO Connection check task start

2026-10-04 22:38:23,539 INFO Long connection metrics detail ,Total count =0, sdkCount=0,clusterCount=0

2026-10-04 22:38:23,539 INFO Out dated connection ,size=0

2026-10-04 22:38:23,539 INFO Connection check task end

2026-10-04 22:38:25,712 INFO ConnectionMetrics, totalCount = 0, detail = {long_connection=0, long_polling=0}

2026-10-04 22:38:26,547 INFO Connection check task start

2026-10-04 22:38:26,547 INFO Long connection metrics detail ,Total count =0, sdkCount=0,clusterCount=0

2026-10-04 22:38:26,547 INFO Out dated connection ,size=0

2026-10-04 22:38:26,547 INFO Connection check task end

2026-10-04 22:38:28,717 INFO ConnectionMetrics, totalCount = 0, detail = {long_connection=0, long_polling=0}

2026-10-04 22:38:29,558 INFO Connection check task start

2026-10-04 22:38:29,558 INFO Long connection metrics detail ,Total count =0, sdkCount=0,clusterCount=0

2026-10-04 22:38:29,558 INFO Out dated connection ,size=0

2026-10-04 22:38:29,558 INFO Connection check task end

2026-10-04 22:38:31,733 INFO ConnectionMetrics, totalCount = 0, detail = {long_connection=0, long_polling=0}

2026-10-04 22:38:32,571 INFO Connection check task start

2026-10-04 22:38:32,571 INFO Long connection metrics detail ,Total count =0, sdkCount=0,clusterCount=0

2026-10-04 22:38:32,571 INFO Out dated connection ,size=0

2026-10-04 22:38:32,572 INFO Connection check task end

2026-10-04 22:38:34,741 INFO ConnectionMetrics, totalCount = 0, detail = {long_connection=0, long_polling=0}

2026-10-04 22:38:35,580 INFO Connection check task start

2026-10-04 22:38:35,580 INFO Long connection metrics detail ,Total count =0, sdkCount=0,clusterCount=0

2026-10-04 22:38:35,580 INFO Out dated connection ,size=0

2026-10-04 22:38:35,580 INFO Connection check task end

2026-10-04 22:38:37,742 INFO ConnectionMetrics, totalCount = 0, detail = {long_connection=0, long_polling=0}

2026-10-04 22:38:38,589 INFO Connection check task start

2026-10-04 22:38:38,589 INFO Long connection metrics detail ,Total count =0, sdkCount=0,clusterCount=0

2026-10-04 22:38:38,589 INFO Out dated connection ,size=0

2026-10-04 22:38:38,589 INFO Connection check task end

2026-10-04 22:38:40,751 INFO ConnectionMetrics, totalCount = 0, detail = {long_connection=0, long_polling=0}

2026-10-04 22:38:41,603 INFO Connection check task start

2026-10-04 22:38:41,603 INFO Long connection metrics detail ,Total count =0, sdkCount=0,clusterCount=0

2026-10-04 22:38:41,603 INFO Out dated connection ,size=0

2026-10-04 22:38:41,603 INFO Connection check task end

2026-10-04 22:38:43,762 INFO ConnectionMetrics, totalCount = 0, detail = {long_connection=0, long_polling=0}

2026-10-04 22:38:44,612 INFO Connection check task start

2026-10-04 22:38:44,612 INFO Long connection metrics detail ,Total count =0, sdkCount=0,clusterCount=0

2026-10-04 22:38:44,612 INFO Out dated connection ,size=0

2026-10-04 22:38:44,612 INFO Connection check task end

2026-10-04 22:38:46,767 INFO ConnectionMetrics, totalCount = 0, detail = {long_connection=0, long_polling=0}

2026-10-04 22:38:47,619 INFO Connection check task start

2026-10-04 22:38:47,619 INFO Long connection metrics detail ,Total count =0, sdkCount=0,clusterCount=0

2026-10-04 22:38:47,619 INFO Out dated connection ,size=0

2026-10-04 22:38:47,619 INFO Connection check task end

2026-10-04 22:38:49,779 INFO ConnectionMetrics, totalCount = 0, detail = {long_connection=0, long_polling=0}

2026-10-04 22:38:50,634 INFO Connection check task start

2026-10-04 22:38:50,634 INFO Long connection metrics detail ,Total count =0, sdkCount=0,clusterCount=0

2026-10-04 22:38:50,634 INFO Out dated connection ,size=0

2026-10-04 22:38:50,634 INFO Connection check task end

2026-10-04 22:38:52,789 INFO ConnectionMetrics, totalCount = 0, detail = {long_connection=0, long_polling=0}

2026-10-04 22:38:53,638 INFO Connection check task start

2026-10-04 22:38:53,638 INFO Long connection metrics detail ,Total count =0, sdkCount=0,clusterCount=0

2026-10-04 22:38:53,638 INFO Out dated connection ,size=0

2026-10-04 22:38:53,638 INFO Connection check task end

2026-10-04 22:38:55,805 INFO ConnectionMetrics, totalCount = 0, detail = {long_connection=0, long_polling=0}

2026-10-04 22:38:56,649 INFO Connection check task start

2026-10-04 22:38:56,649 INFO Long connection metrics detail ,Total count =0, sdkCount=0,clusterCount=0

2026-10-04 22:38:56,649 INFO Out dated connection ,size=0

2026-10-04 22:38:56,649 INFO Connection check task end

2026-10-04 22:38:58,806 INFO ConnectionMetrics, totalCount = 0, detail = {long_connection=0, long_polling=0}

2026-10-04 22:38:59,651 INFO Connection check task start

2026-10-04 22:38:59,651 INFO Long connection metrics detail ,Total count =0, sdkCount=0,clusterCount=0

2026-10-04 22:38:59,652 INFO Out dated connection ,size=0

2026-10-04 22:38:59,652 INFO Connection check task end

2026-10-04 22:39:01,820 INFO ConnectionMetrics, totalCount = 0, detail = {long_connection=0, long_polling=0}

2026-10-04 22:39:02,657 INFO Connection check task start

2026-10-04 22:39:02,657 INFO Long connection metrics detail ,Total count =0, sdkCount=0,clusterCount=0

2026-10-04 22:39:02,657 INFO Out dated connection ,size=0

2026-10-04 22:39:02,657 INFO Connection check task end

2026-10-04 22:39:04,831 INFO ConnectionMetrics, totalCount = 0, detail = {long_connection=0, long_polling=0}

2026-10-04 22:39:05,663 INFO Connection check task start

2026-10-04 22:39:05,663 INFO Long connection metrics detail ,Total count =0, sdkCount=0,clusterCount=0

2026-10-04 22:39:05,663 INFO Out dated connection ,size=0

2026-10-04 22:39:05,663 INFO Connection check task end

2026-10-04 22:39:07,839 INFO ConnectionMetrics, totalCount = 0, detail = {long_connection=0, long_polling=0}

2026-10-04 22:39:08,671 INFO Connection check task start

2026-10-04 22:39:08,671 INFO Long connection metrics detail ,Total count =0, sdkCount=0,clusterCount=0

2026-10-04 22:39:08,671 INFO Out dated connection ,size=0

2026-10-04 22:39:08,671 INFO Connection check task end

2026-10-04 22:39:10,841 INFO ConnectionMetrics, totalCount = 0, detail = {long_connection=0, long_polling=0}

2026-10-04 22:39:11,676 INFO Connection check task start

2026-10-04 22:39:11,710 INFO Long connection metrics detail ,Total count =0, sdkCount=0,clusterCount=0

2026-10-04 22:39:11,710 INFO Out dated connection ,size=0

2026-10-04 22:39:11,710 INFO Connection check task end

2026-10-04 22:39:13,843 INFO ConnectionMetrics, totalCount = 0, detail = {long_connection=0, long_polling=0}

2026-10-04 22:39:14,723 INFO Connection check task start

2026-10-04 22:39:14,723 INFO Long connection metrics detail ,Total count =0, sdkCount=0,clusterCount=0

2026-10-04 22:39:14,723 INFO Out dated connection ,size=0

2026-10-04 22:39:14,723 INFO Connection check task end

2026-10-04 22:39:16,847 INFO ConnectionMetrics, totalCount = 0, detail = {long_connection=0, long_polling=0}

2026-10-04 22:39:17,728 INFO Connection check task start

2026-10-04 22:39:17,728 INFO Long connection metrics detail ,Total count =0, sdkCount=0,clusterCount=0

2026-10-04 22:39:17,728 INFO Out dated connection ,size=0

2026-10-04 22:39:17,728 INFO Connection check task end

2026-10-04 22:39:19,852 INFO ConnectionMetrics, totalCount = 0, detail = {long_connection=0, long_polling=0}

2026-10-04 22:39:20,734 INFO Connection check task start

2026-10-04 22:39:20,734 INFO Long connection metrics detail ,Total count =0, sdkCount=0,clusterCount=0

2026-10-04 22:39:20,734 INFO Out dated connection ,size=0

2026-10-04 22:39:20,734 INFO Connection check task end

2026-10-04 22:39:22,865 INFO ConnectionMetrics, totalCount = 0, detail = {long_connection=0, long_polling=0}

2026-10-04 22:39:23,742 INFO Connection check task start

2026-10-04 22:39:23,742 INFO Long connection metrics detail ,Total count =0, sdkCount=0,clusterCount=0

2026-10-04 22:39:23,742 INFO Out dated connection ,size=0

2026-10-04 22:39:23,742 INFO Connection check task end

2026-10-04 22:39:25,876 INFO ConnectionMetrics, totalCount = 0, detail = {long_connection=0, long_polling=0}

2026-10-04 22:39:26,750 INFO Connection check task start

2026-10-04 22:39:26,750 INFO Long connection metrics detail ,Total count =0, sdkCount=0,clusterCount=0

2026-10-04 22:39:26,750 INFO Out dated connection ,size=0

2026-10-04 22:39:26,750 INFO Connection check task end

2026-10-04 22:39:28,881 INFO ConnectionMetrics, totalCount = 0, detail = {long_connection=0, long_polling=0}

2026-10-04 22:39:29,765 INFO Connection check task start

2026-10-04 22:39:29,765 INFO Long connection metrics detail ,Total count =0, sdkCount=0,clusterCount=0

2026-10-04 22:39:29,765 INFO Out dated connection ,size=0

2026-10-04 22:39:29,765 INFO Connection check task end

2026-10-04 22:39:31,896 INFO ConnectionMetrics, totalCount = 0, detail = {long_connection=0, long_polling=0}

2026-10-04 22:39:32,773 INFO Connection check task start

2026-10-04 22:39:32,773 INFO Long connection metrics detail ,Total count =0, sdkCount=0,clusterCount=0

2026-10-04 22:39:32,773 INFO Out dated connection ,size=0

2026-10-04 22:39:32,773 INFO Connection check task end

2026-10-04 22:39:34,907 INFO ConnectionMetrics, totalCount = 0, detail = {long_connection=0, long_polling=0}

2026-10-04 22:39:35,788 INFO Connection check task start

2026-10-04 22:39:35,788 INFO Long connection metrics detail ,Total count =0, sdkCount=0,clusterCount=0

2026-10-04 22:39:35,788 INFO Out dated connection ,size=0

2026-10-04 22:39:35,788 INFO Connection check task end

2026-10-04 22:39:37,915 INFO ConnectionMetrics, totalCount = 0, detail = {long_connection=0, long_polling=0}

2026-10-04 22:39:38,790 INFO Connection check task start

2026-10-04 22:39:38,790 INFO Long connection metrics detail ,Total count =0, sdkCount=0,clusterCount=0

2026-10-04 22:39:38,790 INFO Out dated connection ,size=0

2026-10-04 22:39:38,790 INFO Connection check task end

2026-10-04 22:39:40,921 INFO ConnectionMetrics, totalCount = 0, detail = {long_connection=0, long_polling=0}

2026-10-04 22:39:41,802 INFO Connection check task start

2026-10-04 22:39:41,802 INFO Long connection metrics detail ,Total count =0, sdkCount=0,clusterCount=0

2026-10-04 22:39:41,802 INFO Out dated connection ,size=0

2026-10-04 22:39:41,802 INFO Connection check task end

2026-10-04 22:39:43,935 INFO ConnectionMetrics, totalCount = 0, detail = {long_connection=0, long_polling=0}

2026-10-04 22:39:44,812 INFO Connection check task start

2026-10-04 22:39:44,812 INFO Long connection metrics detail ,Total count =0, sdkCount=0,clusterCount=0

2026-10-04 22:39:44,812 INFO Out dated connection ,size=0

2026-10-04 22:39:44,812 INFO Connection check task end

2026-10-04 22:39:46,942 INFO ConnectionMetrics, totalCount = 0, detail = {long_connection=0, long_polling=0}

2026-10-04 22:39:47,813 INFO Connection check task start

2026-10-04 22:39:47,813 INFO Long connection metrics detail ,Total count =0, sdkCount=0,clusterCount=0

2026-10-04 22:39:47,813 INFO Out dated connection ,size=0

2026-10-04 22:39:47,813 INFO Connection check task end

2026-10-04 22:39:49,943 INFO ConnectionMetrics, totalCount = 0, detail = {long_connection=0, long_polling=0}

2026-10-04 22:39:50,826 INFO Connection check task start

2026-10-04 22:39:50,826 INFO Long connection metrics detail ,Total count =0, sdkCount=0,clusterCount=0

2026-10-04 22:39:50,826 INFO Out dated connection ,size=0

2026-10-04 22:39:50,826 INFO Connection check task end

2026-10-04 22:39:52,949 INFO ConnectionMetrics, totalCount = 0, detail = {long_connection=0, long_polling=0}

2026-10-04 22:39:53,831 INFO Connection check task start

2026-10-04 22:39:53,831 INFO Long connection metrics detail ,Total count =0, sdkCount=0,clusterCount=0

2026-10-04 22:39:53,831 INFO Out dated connection ,size=0

2026-10-04 22:39:53,831 INFO Connection check task end

2026-10-04 22:39:55,950 INFO ConnectionMetrics, totalCount = 0, detail = {long_connection=0, long_polling=0}

2026-10-04 22:39:56,847 INFO Connection check task start

2026-10-04 22:39:56,847 INFO Long connection metrics detail ,Total count =0, sdkCount=0,clusterCount=0

2026-10-04 22:39:56,847 INFO Out dated connection ,size=0

2026-10-04 22:39:56,847 INFO Connection check task end

2026-10-04 22:39:58,964 INFO ConnectionMetrics, totalCount = 0, detail = {long_connection=0, long_polling=0}

2026-10-04 22:39:59,850 INFO Connection check task start

2026-10-04 22:39:59,850 INFO Long connection metrics detail ,Total count =0, sdkCount=0,clusterCount=0

2026-10-04 22:39:59,850 INFO Out dated connection ,size=0

2026-10-04 22:39:59,850 INFO Connection check task end

2026-10-04 22:40:01,968 INFO ConnectionMetrics, totalCount = 0, detail = {long_connection=0, long_polling=0}

2026-10-04 22:40:02,854 INFO Connection check task start

2026-10-04 22:40:02,854 INFO Long connection metrics detail ,Total count =0, sdkCount=0,clusterCount=0

2026-10-04 22:40:02,854 INFO Out dated connection ,size=0

2026-10-04 22:40:02,854 INFO Connection check task end

2026-10-04 22:40:04,971 INFO ConnectionMetrics, totalCount = 0, detail = {long_connection=0, long_polling=0}

2026-10-04 22:40:05,855 INFO Connection check task start

2026-10-04 22:40:05,855 INFO Long connection metrics detail ,Total count =0, sdkCount=0,clusterCount=0

2026-10-04 22:40:05,855 INFO Out dated connection ,size=0

2026-10-04 22:40:05,855 INFO Connection check task end

2026-10-04 22:40:07,974 INFO ConnectionMetrics, totalCount = 0, detail = {long_connection=0, long_polling=0}

2026-10-04 22:40:08,858 INFO Connection check task start

2026-10-04 22:40:08,858 INFO Long connection metrics detail ,Total count =0, sdkCount=0,clusterCount=0

2026-10-04 22:40:08,858 INFO Out dated connection ,size=0

2026-10-04 22:40:08,858 INFO Connection check task end

2026-10-04 22:40:10,984 INFO ConnectionMetrics, totalCount = 0, detail = {long_connection=0, long_polling=0}

2026-10-04 22:40:11,866 INFO Connection check task start

2026-10-04 22:40:11,866 INFO Long connection metrics detail ,Total count =0, sdkCount=0,clusterCount=0

2026-10-04 22:40:11,866 INFO Out dated connection ,size=0

2026-10-04 22:40:11,867 INFO Connection check task end

2026-10-04 22:40:13,995 INFO ConnectionMetrics, totalCount = 0, detail = {long_connection=0, long_polling=0}

2026-10-04 22:40:14,881 INFO Connection check task start

2026-10-04 22:40:14,881 INFO Long connection metrics detail ,Total count =0, sdkCount=0,clusterCount=0

2026-10-04 22:40:14,881 INFO Out dated connection ,size=0

2026-10-04 22:40:14,881 INFO Connection check task end

2026-10-04 22:40:17,002 INFO ConnectionMetrics, totalCount = 0, detail = {long_connection=0, long_polling=0}

2026-10-04 22:40:17,886 INFO Connection check task start

2026-10-04 22:40:17,886 INFO Long connection metrics detail ,Total count =0, sdkCount=0,clusterCount=0

2026-10-04 22:40:17,886 INFO Out dated connection ,size=0

2026-10-04 22:40:17,886 INFO Connection check task end

2026-10-04 22:40:20,015 INFO ConnectionMetrics, totalCount = 0, detail = {long_connection=0, long_polling=0}

2026-10-04 22:40:20,900 INFO Connection check task start

2026-10-04 22:40:20,900 INFO Long connection metrics detail ,Total count =0, sdkCount=0,clusterCount=0

2026-10-04 22:40:20,900 INFO Out dated connection ,size=0

2026-10-04 22:40:20,900 INFO Connection check task end

2026-10-04 22:40:23,029 INFO ConnectionMetrics, totalCount = 0, detail = {long_connection=0, long_polling=0}

2026-10-04 22:40:23,913 INFO Connection check task start

2026-10-04 22:40:23,948 INFO Long connection metrics detail ,Total count =0, sdkCount=0,clusterCount=0

2026-10-04 22:40:23,948 INFO Out dated connection ,size=0

2026-10-04 22:40:23,948 INFO Connection check task end

2026-10-04 22:40:26,035 INFO ConnectionMetrics, totalCount = 0, detail = {long_connection=0, long_polling=0}

2026-10-04 22:40:26,963 INFO Connection check task start

2026-10-04 22:40:26,963 INFO Long connection metrics detail ,Total count =0, sdkCount=0,clusterCount=0

2026-10-04 22:40:26,963 INFO Out dated connection ,size=0

2026-10-04 22:40:26,963 INFO Connection check task end

2026-10-04 22:40:29,044 INFO ConnectionMetrics, totalCount = 0, detail = {long_connection=0, long_polling=0}

2026-10-04 22:40:29,974 INFO Connection check task start

2026-10-04 22:40:29,974 INFO Long connection metrics detail ,Total count =0, sdkCount=0,clusterCount=0

2026-10-04 22:40:29,974 INFO Out dated connection ,size=0

2026-10-04 22:40:29,974 INFO Connection check task end

2026-10-04 22:40:32,048 INFO ConnectionMetrics, totalCount = 0, detail = {long_connection=0, long_polling=0}

2026-10-04 22:40:32,980 INFO Connection check task start

2026-10-04 22:40:32,980 INFO Long connection metrics detail ,Total count =0, sdkCount=0,clusterCount=0

2026-10-04 22:40:32,980 INFO Out dated connection ,size=0

2026-10-04 22:40:32,980 INFO Connection check task end

2026-10-04 22:40:35,059 INFO ConnectionMetrics, totalCount = 0, detail = {long_connection=0, long_polling=0}

2026-10-04 22:40:35,985 INFO Connection check task start

2026-10-04 22:40:35,985 INFO Long connection metrics detail ,Total count =0, sdkCount=0,clusterCount=0

2026-10-04 22:40:35,985 INFO Out dated connection ,size=0

2026-10-04 22:40:35,985 INFO Connection check task end

2026-10-04 22:40:38,064 INFO ConnectionMetrics, totalCount = 0, detail = {long_connection=0, long_polling=0}

2026-10-04 22:40:38,990 INFO Connection check task start

2026-10-04 22:40:38,990 INFO Long connection metrics detail ,Total count =0, sdkCount=0,clusterCount=0

2026-10-04 22:40:38,990 INFO Out dated connection ,size=0

2026-10-04 22:40:38,991 INFO Connection check task end

2026-10-04 22:40:41,068 INFO ConnectionMetrics, totalCount = 0, detail = {long_connection=0, long_polling=0}

2026-10-04 22:40:41,998 INFO Connection check task start

2026-10-04 22:40:41,998 INFO Long connection metrics detail ,Total count =0, sdkCount=0,clusterCount=0

2026-10-04 22:40:41,998 INFO Out dated connection ,size=0

2026-10-04 22:40:41,998 INFO Connection check task end

2026-10-04 22:40:44,074 INFO ConnectionMetrics, totalCount = 0, detail = {long_connection=0, long_polling=0}

2026-10-04 22:40:45,006 INFO Connection check task start

2026-10-04 22:40:45,006 INFO Long connection metrics detail ,Total count =0, sdkCount=0,clusterCount=0

2026-10-04 22:40:45,006 INFO Out dated connection ,size=0

2026-10-04 22:40:45,006 INFO Connection check task end

2026-10-04 22:40:47,074 INFO ConnectionMetrics, totalCount = 0, detail = {long_connection=0, long_polling=0}

2026-10-04 22:40:48,011 INFO Connection check task start

2026-10-04 22:40:48,011 INFO Long connection metrics detail ,Total count =0, sdkCount=0,clusterCount=0

2026-10-04 22:40:48,011 INFO Out dated connection ,size=0

2026-10-04 22:40:48,011 INFO Connection check task end

2026-10-04 22:40:50,089 INFO ConnectionMetrics, totalCount = 0, detail = {long_connection=0, long_polling=0}

2026-10-04 22:40:51,017 INFO Connection check task start

2026-10-04 22:40:51,017 INFO Long connection metrics detail ,Total count =0, sdkCount=0,clusterCount=0

2026-10-04 22:40:51,017 INFO Out dated connection ,size=0

2026-10-04 22:40:51,017 INFO Connection check task end

2026-10-04 22:40:53,090 INFO ConnectionMetrics, totalCount = 0, detail = {long_connection=0, long_polling=0}

2026-10-04 22:40:54,032 INFO Connection check task start

2026-10-04 22:40:54,032 INFO Long connection metrics detail ,Total count =0, sdkCount=0,clusterCount=0

2026-10-04 22:40:54,032 INFO Out dated connection ,size=0

2026-10-04 22:40:54,032 INFO Connection check task end

2026-10-04 22:40:56,094 INFO ConnectionMetrics, totalCount = 0, detail = {long_connection=0, long_polling=0}

2026-10-04 22:40:57,038 INFO Connection check task start

2026-10-04 22:40:57,038 INFO Long connection metrics detail ,Total count =0, sdkCount=0,clusterCount=0

2026-10-04 22:40:57,038 INFO Out dated connection ,size=0

2026-10-04 22:40:57,038 INFO Connection check task end

2026-10-04 22:40:59,100 INFO ConnectionMetrics, totalCount = 0, detail = {long_connection=0, long_polling=0}

2026-10-04 22:41:00,044 INFO Connection check task start

2026-10-04 22:41:00,044 INFO Long connection metrics detail ,Total count =0, sdkCount=0,clusterCount=0

2026-10-04 22:41:00,044 INFO Out dated connection ,size=0

2026-10-04 22:41:00,044 INFO Connection check task end

2026-10-04 22:41:02,107 INFO ConnectionMetrics, totalCount = 0, detail = {long_connection=0, long_polling=0}

2026-10-04 22:41:03,053 INFO Connection check task start

2026-10-04 22:41:03,054 INFO Long connection metrics detail ,Total count =0, sdkCount=0,clusterCount=0

2026-10-04 22:41:03,054 INFO Out dated connection ,size=0

2026-10-04 22:41:03,054 INFO Connection check task end

2026-10-04 22:41:05,118 INFO ConnectionMetrics, totalCount = 0, detail = {long_connection=0, long_polling=0}

2026-10-04 22:41:06,056 INFO Connection check task start

2026-10-04 22:41:06,056 INFO Long connection metrics detail ,Total count =0, sdkCount=0,clusterCount=0

2026-10-04 22:41:06,056 INFO Out dated connection ,size=0

2026-10-04 22:41:06,056 INFO Connection check task end

2026-10-04 22:41:08,134 INFO ConnectionMetrics, totalCount = 0, detail = {long_connection=0, long_polling=0}

2026-10-04 22:41:09,060 INFO Connection check task start

2026-10-04 22:41:09,060 INFO Long connection metrics detail ,Total count =0, sdkCount=0,clusterCount=0

2026-10-04 22:41:09,060 INFO Out dated connection ,size=0

2026-10-04 22:41:09,060 INFO Connection check task end

2026-10-04 22:41:11,138 INFO ConnectionMetrics, totalCount = 0, detail = {long_connection=0, long_polling=0}

2026-10-04 22:41:12,063 INFO Connection check task start

2026-10-04 22:41:12,063 INFO Long connection metrics detail ,Total count =0, sdkCount=0,clusterCount=0

2026-10-04 22:41:12,063 INFO Out dated connection ,size=0

2026-10-04 22:41:12,063 INFO Connection check task end

2026-10-04 22:41:14,152 INFO ConnectionMetrics, totalCount = 0, detail = {long_connection=0, long_polling=0}

2026-10-04 22:41:15,067 INFO Connection check task start

2026-10-04 22:41:15,067 INFO Long connection metrics detail ,Total count =0, sdkCount=0,clusterCount=0

2026-10-04 22:41:15,067 INFO Out dated connection ,size=0

2026-10-04 22:41:15,067 INFO Connection check task end

2026-10-04 22:41:17,167 INFO ConnectionMetrics, totalCount = 0, detail = {long_connection=0, long_polling=0}

2026-10-04 22:41:18,077 INFO Connection check task start

2026-10-04 22:41:18,077 INFO Long connection metrics detail ,Total count =0, sdkCount=0,clusterCount=0

2026-10-04 22:41:18,077 INFO Out dated connection ,size=0

2026-10-04 22:41:18,077 INFO Connection check task end

2026-10-04 22:41:20,173 INFO ConnectionMetrics, totalCount = 0, detail = {long_connection=0, long_polling=0}

2026-10-04 22:41:21,092 INFO Connection check task start

2026-10-04 22:41:21,092 INFO Long connection metrics detail ,Total count =0, sdkCount=0,clusterCount=0

2026-10-04 22:41:21,092 INFO Out dated connection ,size=0

2026-10-04 22:41:21,092 INFO Connection check task end

2026-10-04 22:41:23,180 INFO ConnectionMetrics, totalCount = 0, detail = {long_connection=0, long_polling=0}

2026-10-04 22:41:24,096 INFO Connection check task start

2026-10-04 22:41:24,096 INFO Long connection metrics detail ,Total count =0, sdkCount=0,clusterCount=0

2026-10-04 22:41:24,096 INFO Out dated connection ,size=0

2026-10-04 22:41:24,096 INFO Connection check task end

2026-10-04 22:41:26,193 INFO ConnectionMetrics, totalCount = 0, detail = {long_connection=0, long_polling=0}

2026-10-04 22:41:27,108 INFO Connection check task start

2026-10-04 22:41:27,108 INFO Long connection metrics detail ,Total count =0, sdkCount=0,clusterCount=0

2026-10-04 22:41:27,108 INFO Out dated connection ,size=0

2026-10-04 22:41:27,108 INFO Connection check task end

2026-10-04 22:41:29,195 INFO ConnectionMetrics, totalCount = 0, detail = {long_connection=0, long_polling=0}

2026-10-04 22:41:30,122 INFO Connection check task start

2026-10-04 22:41:30,122 INFO Long connection metrics detail ,Total count =0, sdkCount=0,clusterCount=0

2026-10-04 22:41:30,122 INFO Out dated connection ,size=0

2026-10-04 22:41:30,122 INFO Connection check task end

2026-10-04 22:41:32,200 INFO ConnectionMetrics, totalCount = 0, detail = {long_connection=0, long_polling=0}

2026-10-04 22:41:33,128 INFO Connection check task start

2026-10-04 22:41:33,128 INFO Long connection metrics detail ,Total count =0, sdkCount=0,clusterCount=0

2026-10-04 22:41:33,129 INFO Out dated connection ,size=0

2026-10-04 22:41:33,129 INFO Connection check task end

2026-10-04 22:41:35,216 INFO ConnectionMetrics, totalCount = 0, detail = {long_connection=0, long_polling=0}

2026-10-04 22:41:36,140 INFO Connection check task start

2026-10-04 22:41:36,140 INFO Long connection metrics detail ,Total count =0, sdkCount=0,clusterCount=0

2026-10-04 22:41:36,140 INFO Out dated connection ,size=0

2026-10-04 22:41:36,140 INFO Connection check task end

2026-10-04 22:41:38,223 INFO ConnectionMetrics, totalCount = 0, detail = {long_connection=0, long_polling=0}

2026-10-04 22:41:39,154 INFO Connection check task start

2026-10-04 22:41:39,154 INFO Long connection metrics detail ,Total count =0, sdkCount=0,clusterCount=0

2026-10-04 22:41:39,154 INFO Out dated connection ,size=0

2026-10-04 22:41:39,154 INFO Connection check task end

2026-10-04 22:41:41,230 INFO ConnectionMetrics, totalCount = 0, detail = {long_connection=0, long_polling=0}

2026-10-04 22:41:42,166 INFO Connection check task start

2026-10-04 22:41:42,166 INFO Long connection metrics detail ,Total count =0, sdkCount=0,clusterCount=0

2026-10-04 22:41:42,166 INFO Out dated connection ,size=0

2026-10-04 22:41:42,166 INFO Connection check task end

2026-10-04 22:41:44,246 INFO ConnectionMetrics, totalCount = 0, detail = {long_connection=0, long_polling=0}

2026-10-04 22:41:45,170 INFO Connection check task start

2026-10-04 22:41:45,170 INFO Long connection metrics detail ,Total count =0, sdkCount=0,clusterCount=0

2026-10-04 22:41:45,170 INFO Out dated connection ,size=0

2026-10-04 22:41:45,170 INFO Connection check task end

2026-10-04 22:41:47,262 INFO ConnectionMetrics, totalCount = 0, detail = {long_connection=0, long_polling=0}

2026-10-04 22:41:48,180 INFO Connection check task start

2026-10-04 22:41:48,180 INFO Long connection metrics detail ,Total count =0, sdkCount=0,clusterCount=0

2026-10-04 22:41:48,180 INFO Out dated connection ,size=0

2026-10-04 22:41:48,180 INFO Connection check task end

2026-10-04 22:41:50,278 INFO ConnectionMetrics, totalCount = 0, detail = {long_connection=0, long_polling=0}

2026-10-04 22:41:51,185 INFO Connection check task start

2026-10-04 22:41:51,185 INFO Long connection metrics detail ,Total count =0, sdkCount=0,clusterCount=0

2026-10-04 22:41:51,185 INFO Out dated connection ,size=0

2026-10-04 22:41:51,185 INFO Connection check task end

2026-10-04 22:41:53,289 INFO ConnectionMetrics, totalCount = 0, detail = {long_connection=0, long_polling=0}

2026-10-04 22:41:54,196 INFO Connection check task start

2026-10-04 22:41:54,196 INFO Long connection metrics detail ,Total count =0, sdkCount=0,clusterCount=0

2026-10-04 22:41:54,196 INFO Out dated connection ,size=0

2026-10-04 22:41:54,196 INFO Connection check task end

2026-10-04 22:41:56,296 INFO ConnectionMetrics, totalCount = 0, detail = {long_connection=0, long_polling=0}

2026-10-04 22:41:57,203 INFO Connection check task start

2026-10-04 22:41:57,203 INFO Long connection metrics detail ,Total count =0, sdkCount=0,clusterCount=0

2026-10-04 22:41:57,203 INFO Out dated connection ,size=0

2026-10-04 22:41:57,203 INFO Connection check task end

2026-10-04 22:41:59,312 INFO ConnectionMetrics, totalCount = 0, detail = {long_connection=0, long_polling=0}

2026-10-04 22:42:00,215 INFO Connection check task start

2026-10-04 22:42:00,215 INFO Long connection metrics detail ,Total count =0, sdkCount=0,clusterCount=0

2026-10-04 22:42:00,215 INFO Out dated connection ,size=0

2026-10-04 22:42:00,215 INFO Connection check task end

2026-10-04 22:42:02,327 INFO ConnectionMetrics, totalCount = 0, detail = {long_connection=0, long_polling=0}

2026-10-04 22:42:03,228 INFO Connection check task start

2026-10-04 22:42:03,228 INFO Long connection metrics detail ,Total count =0, sdkCount=0,clusterCount=0

2026-10-04 22:42:03,228 INFO Out dated connection ,size=0

2026-10-04 22:42:03,228 INFO Connection check task end

2026-10-04 22:42:05,334 INFO ConnectionMetrics, totalCount = 0, detail = {long_connection=0, long_polling=0}

2026-10-04 22:42:06,244 INFO Connection check task start

2026-10-04 22:42:06,244 INFO Long connection metrics detail ,Total count =0, sdkCount=0,clusterCount=0

2026-10-04 22:42:06,244 INFO Out dated connection ,size=0

2026-10-04 22:42:06,244 INFO Connection check task end

2026-10-04 22:42:08,344 INFO ConnectionMetrics, totalCount = 0, detail = {long_connection=0, long_polling=0}

2026-10-04 22:42:09,252 INFO Connection check task start

2026-10-04 22:42:09,252 INFO Long connection metrics detail ,Total count =0, sdkCount=0,clusterCount=0

2026-10-04 22:42:09,252 INFO Out dated connection ,size=0

2026-10-04 22:42:09,252 INFO Connection check task end

2026-10-04 22:42:11,353 INFO ConnectionMetrics, totalCount = 0, detail = {long_connection=0, long_polling=0}

2026-10-04 22:42:12,266 INFO Connection check task start

2026-10-04 22:42:12,266 INFO Long connection metrics detail ,Total count =0, sdkCount=0,clusterCount=0

2026-10-04 22:42:12,266 INFO Out dated connection ,size=0

2026-10-04 22:42:12,266 INFO Connection check task end

2026-10-04 22:42:14,355 INFO ConnectionMetrics, totalCount = 0, detail = {long_connection=0, long_polling=0}

2026-10-04 22:42:15,266 INFO Connection check task start

2026-10-04 22:42:15,266 INFO Long connection metrics detail ,Total count =0, sdkCount=0,clusterCount=0

2026-10-04 22:42:15,266 INFO Out dated connection ,size=0

2026-10-04 22:42:15,266 INFO Connection check task end

2026-10-04 22:42:17,359 INFO ConnectionMetrics, totalCount = 0, detail = {long_connection=0, long_polling=0}

2026-10-04 22:42:18,269 INFO Connection check task start

2026-10-04 22:42:18,269 INFO Long connection metrics detail ,Total count =0, sdkCount=0,clusterCount=0

2026-10-04 22:42:18,269 INFO Out dated connection ,size=0

2026-10-04 22:42:18,269 INFO Connection check task end

2026-10-04 22:42:20,360 INFO ConnectionMetrics, totalCount = 0, detail = {long_connection=0, long_polling=0}

2026-10-04 22:42:21,274 INFO Connection check task start

2026-10-04 22:42:21,274 INFO Long connection metrics detail ,Total count =0, sdkCount=0,clusterCount=0

2026-10-04 22:42:21,274 INFO Out dated connection ,size=0

2026-10-04 22:42:21,274 INFO Connection check task end

2026-10-04 22:42:23,365 INFO ConnectionMetrics, totalCount = 0, detail = {long_connection=0, long_polling=0}

2026-10-04 22:42:24,277 INFO Connection check task start

2026-10-04 22:42:24,277 INFO Long connection metrics detail ,Total count =0, sdkCount=0,clusterCount=0

2026-10-04 22:42:24,277 INFO Out dated connection ,size=0

2026-10-04 22:42:24,277 INFO Connection check task end

2026-10-04 22:42:26,377 INFO ConnectionMetrics, totalCount = 0, detail = {long_connection=0, long_polling=0}

2026-10-04 22:42:27,292 INFO Connection check task start

2026-10-04 22:42:27,292 INFO Long connection metrics detail ,Total count =0, sdkCount=0,clusterCount=0

2026-10-04 22:42:27,292 INFO Out dated connection ,size=0

2026-10-04 22:42:27,292 INFO Connection check task end

2026-10-04 22:42:29,381 INFO ConnectionMetrics, totalCount = 0, detail = {long_connection=0, long_polling=0}

2026-10-04 22:42:30,300 INFO Connection check task start

2026-10-04 22:42:30,300 INFO Long connection metrics detail ,Total count =0, sdkCount=0,clusterCount=0

2026-10-04 22:42:30,300 INFO Out dated connection ,size=0

2026-10-04 22:42:30,300 INFO Connection check task end

2026-10-04 22:42:32,382 INFO ConnectionMetrics, totalCount = 0, detail = {long_connection=0, long_polling=0}

2026-10-04 22:42:33,312 INFO Connection check task start

2026-10-04 22:42:33,312 INFO Long connection metrics detail ,Total count =0, sdkCount=0,clusterCount=0

2026-10-04 22:42:33,312 INFO Out dated connection ,size=0

2026-10-04 22:42:33,312 INFO Connection check task end

2026-10-04 22:42:35,382 INFO ConnectionMetrics, totalCount = 0, detail = {long_connection=0, long_polling=0}

2026-10-04 22:42:36,323 INFO Connection check task start

2026-10-04 22:42:36,323 INFO Long connection metrics detail ,Total count =0, sdkCount=0,clusterCount=0

2026-10-04 22:42:36,323 INFO Out dated connection ,size=0

2026-10-04 22:42:36,323 INFO Connection check task end

2026-10-04 22:42:38,389 INFO ConnectionMetrics, totalCount = 0, detail = {long_connection=0, long_polling=0}

2026-10-04 22:42:39,327 INFO Connection check task start

2026-10-04 22:42:39,327 INFO Long connection metrics detail ,Total count =0, sdkCount=0,clusterCount=0

2026-10-04 22:42:39,327 INFO Out dated connection ,size=0

2026-10-04 22:42:39,327 INFO Connection check task end

2026-10-04 22:42:41,393 INFO ConnectionMetrics, totalCount = 0, detail = {long_connection=0, long_polling=0}

2026-10-04 22:42:42,343 INFO Connection check task start

2026-10-04 22:42:42,343 INFO Long connection metrics detail ,Total count =0, sdkCount=0,clusterCount=0

2026-10-04 22:42:42,343 INFO Out dated connection ,size=0

2026-10-04 22:42:42,343 INFO Connection check task end

2026-10-04 22:42:44,397 INFO ConnectionMetrics, totalCount = 0, detail = {long_connection=0, long_polling=0}

2026-10-04 22:42:45,352 INFO Connection check task start

2026-10-04 22:42:45,352 INFO Long connection metrics detail ,Total count =0, sdkCount=0,clusterCount=0

2026-10-04 22:42:45,352 INFO Out dated connection ,size=0

2026-10-04 22:42:45,352 INFO Connection check task end

2026-10-04 22:42:47,400 INFO ConnectionMetrics, totalCount = 0, detail = {long_connection=0, long_polling=0}

2026-10-04 22:42:48,354 INFO Connection check task start

2026-10-04 22:42:48,354 INFO Long connection metrics detail ,Total count =0, sdkCount=0,clusterCount=0

2026-10-04 22:42:48,354 INFO Out dated connection ,size=0

2026-10-04 22:42:48,354 INFO Connection check task end

2026-10-04 22:42:50,414 INFO ConnectionMetrics, totalCount = 0, detail = {long_connection=0, long_polling=0}

2026-10-04 22:42:51,370 INFO Connection check task start

2026-10-04 22:42:51,370 INFO Long connection metrics detail ,Total count =0, sdkCount=0,clusterCount=0

2026-10-04 22:42:51,370 INFO Out dated connection ,size=0

2026-10-04 22:42:51,370 INFO Connection check task end

2026-10-04 22:42:53,422 INFO ConnectionMetrics, totalCount = 0, detail = {long_connection=0, long_polling=0}

2026-10-04 22:42:54,375 INFO Connection check task start

2026-10-04 22:42:54,375 INFO Long connection metrics detail ,Total count =0, sdkCount=0,clusterCount=0

2026-10-04 22:42:54,375 INFO Out dated connection ,size=0

2026-10-04 22:42:54,375 INFO Connection check task end

2026-10-04 22:42:56,431 INFO ConnectionMetrics, totalCount = 0, detail = {long_connection=0, long_polling=0}

2026-10-04 22:42:57,384 INFO Connection check task start

2026-10-04 22:42:57,384 INFO Long connection metrics detail ,Total count =0, sdkCount=0,clusterCount=0

2026-10-04 22:42:57,384 INFO Out dated connection ,size=0

2026-10-04 22:42:57,384 INFO Connection check task end

2026-10-04 22:42:59,435 INFO ConnectionMetrics, totalCount = 0, detail = {long_connection=0, long_polling=0}

2026-10-04 22:43:00,400 INFO Connection check task start

2026-10-04 22:43:00,400 INFO Long connection metrics detail ,Total count =0, sdkCount=0,clusterCount=0

2026-10-04 22:43:00,400 INFO Out dated connection ,size=0

2026-10-04 22:43:00,400 INFO Connection check task end

2026-10-04 22:43:02,437 INFO ConnectionMetrics, totalCount = 0, detail = {long_connection=0, long_polling=0}

2026-10-04 22:43:03,405 INFO Connection check task start

2026-10-04 22:43:03,405 INFO Long connection metrics detail ,Total count =0, sdkCount=0,clusterCount=0

2026-10-04 22:43:03,405 INFO Out dated connection ,size=0

2026-10-04 22:43:03,405 INFO Connection check task end

2026-10-04 22:43:05,447 INFO ConnectionMetrics, totalCount = 0, detail = {long_connection=0, long_polling=0}

2026-10-04 22:43:06,415 INFO Connection check task start

2026-10-04 22:43:06,415 INFO Long connection metrics detail ,Total count =0, sdkCount=0,clusterCount=0

2026-10-04 22:43:06,415 INFO Out dated connection ,size=0

2026-10-04 22:43:06,415 INFO Connection check task end

2026-10-04 22:43:08,462 INFO ConnectionMetrics, totalCount = 0, detail = {long_connection=0, long_polling=0}

2026-10-04 22:43:09,420 INFO Connection check task start

2026-10-04 22:43:09,420 INFO Long connection metrics detail ,Total count =0, sdkCount=0,clusterCount=0

2026-10-04 22:43:09,420 INFO Out dated connection ,size=0

2026-10-04 22:43:09,420 INFO Connection check task end

2026-10-04 22:43:11,465 INFO ConnectionMetrics, totalCount = 0, detail = {long_connection=0, long_polling=0}

2026-10-04 22:43:12,425 INFO Connection check task start

2026-10-04 22:43:12,425 INFO Long connection metrics detail ,Total count =0, sdkCount=0,clusterCount=0

2026-10-04 22:43:12,425 INFO Out dated connection ,size=0

2026-10-04 22:43:12,425 INFO Connection check task end

2026-10-04 22:43:14,466 INFO ConnectionMetrics, totalCount = 0, detail = {long_connection=0, long_polling=0}

2026-10-04 22:43:15,440 INFO Connection check task start

2026-10-04 22:43:15,440 INFO Long connection metrics detail ,Total count =0, sdkCount=0,clusterCount=0

2026-10-04 22:43:15,440 INFO Out dated connection ,size=0

2026-10-04 22:43:15,440 INFO Connection check task end

2026-10-04 22:43:17,473 INFO ConnectionMetrics, totalCount = 0, detail = {long_connection=0, long_polling=0}

2026-10-04 22:43:18,441 INFO Connection check task start

2026-10-04 22:43:18,444 INFO Long connection metrics detail ,Total count =0, sdkCount=0,clusterCount=0

2026-10-04 22:43:18,444 INFO Out dated connection ,size=0

2026-10-04 22:43:18,444 INFO Connection check task end

2026-10-04 22:43:20,486 INFO ConnectionMetrics, totalCount = 0, detail = {long_connection=0, long_polling=0}

2026-10-04 22:43:21,451 INFO Connection check task start

2026-10-04 22:43:21,451 INFO Long connection metrics detail ,Total count =0, sdkCount=0,clusterCount=0

2026-10-04 22:43:21,451 INFO Out dated connection ,size=0

2026-10-04 22:43:21,451 INFO Connection check task end

2026-10-04 22:43:23,501 INFO ConnectionMetrics, totalCount = 0, detail = {long_connection=0, long_polling=0}

2026-10-04 22:43:24,452 INFO Connection check task start

2026-10-04 22:43:24,452 INFO Long connection metrics detail ,Total count =0, sdkCount=0,clusterCount=0

2026-10-04 22:43:24,452 INFO Out dated connection ,size=0

2026-10-04 22:43:24,452 INFO Connection check task end

2026-10-04 22:43:26,503 INFO ConnectionMetrics, totalCount = 0, detail = {long_connection=0, long_polling=0}

2026-10-04 22:43:27,458 INFO Connection check task start

2026-10-04 22:43:27,458 INFO Long connection metrics detail ,Total count =0, sdkCount=0,clusterCount=0

2026-10-04 22:43:27,458 INFO Out dated connection ,size=0

2026-10-04 22:43:27,458 INFO Connection check task end

2026-10-04 22:43:29,504 INFO ConnectionMetrics, totalCount = 0, detail = {long_connection=0, long_polling=0}

2026-10-04 22:43:30,471 INFO Connection check task start

2026-10-04 22:43:30,471 INFO Long connection metrics detail ,Total count =0, sdkCount=0,clusterCount=0

2026-10-04 22:43:30,471 INFO Out dated connection ,size=0

2026-10-04 22:43:30,471 INFO Connection check task end

2026-10-04 22:43:32,505 INFO ConnectionMetrics, totalCount = 0, detail = {long_connection=0, long_polling=0}

2026-10-04 22:43:33,477 INFO Connection check task start

2026-10-04 22:43:33,477 INFO Long connection metrics detail ,Total count =0, sdkCount=0,clusterCount=0

2026-10-04 22:43:33,477 INFO Out dated connection ,size=0

2026-10-04 22:43:33,477 INFO Connection check task end

2026-10-04 22:43:35,520 INFO ConnectionMetrics, totalCount = 0, detail = {long_connection=0, long_polling=0}

2026-10-04 22:43:36,478 INFO Connection check task start

2026-10-04 22:43:36,478 INFO Long connection metrics detail ,Total count =0, sdkCount=0,clusterCount=0

2026-10-04 22:43:36,478 INFO Out dated connection ,size=0

2026-10-04 22:43:36,478 INFO Connection check task end

2026-10-04 22:43:38,527 INFO ConnectionMetrics, totalCount = 0, detail = {long_connection=0, long_polling=0}

2026-10-04 22:43:39,485 INFO Connection check task start

2026-10-04 22:43:39,485 INFO Long connection metrics detail ,Total count =0, sdkCount=0,clusterCount=0

2026-10-04 22:43:39,485 INFO Out dated connection ,size=0

2026-10-04 22:43:39,485 INFO Connection check task end

2026-10-04 22:43:41,532 INFO ConnectionMetrics, totalCount = 0, detail = {long_connection=0, long_polling=0}

2026-10-04 22:43:42,501 INFO Connection check task start

2026-10-04 22:43:42,501 INFO Long connection metrics detail ,Total count =0, sdkCount=0,clusterCount=0

2026-10-04 22:43:42,501 INFO Out dated connection ,size=0

2026-10-04 22:43:42,501 INFO Connection check task end

2026-10-04 22:43:44,545 INFO ConnectionMetrics, totalCount = 0, detail = {long_connection=0, long_polling=0}

2026-10-04 22:43:45,514 INFO Connection check task start

2026-10-04 22:43:45,514 INFO Long connection metrics detail ,Total count =0, sdkCount=0,clusterCount=0

2026-10-04 22:43:45,514 INFO Out dated connection ,size=0

2026-10-04 22:43:45,514 INFO Connection check task end

2026-10-04 22:43:47,549 INFO ConnectionMetrics, totalCount = 0, detail = {long_connection=0, long_polling=0}

2026-10-04 22:43:48,521 INFO Connection check task start

2026-10-04 22:43:48,521 INFO Long connection metrics detail ,Total count =0, sdkCount=0,clusterCount=0

2026-10-04 22:43:48,521 INFO Out dated connection ,size=0

2026-10-04 22:43:48,521 INFO Connection check task end

2026-10-04 22:43:50,562 INFO ConnectionMetrics, totalCount = 0, detail = {long_connection=0, long_polling=0}

2026-10-04 22:43:51,535 INFO Connection check task start

2026-10-04 22:43:51,535 INFO Long connection metrics detail ,Total count =0, sdkCount=0,clusterCount=0

2026-10-04 22:43:51,535 INFO Out dated connection ,size=0

2026-10-04 22:43:51,535 INFO Connection check task end

2026-10-04 22:43:53,566 INFO ConnectionMetrics, totalCount = 0, detail = {long_connection=0, long_polling=0}

2026-10-04 22:43:54,542 INFO Connection check task start

2026-10-04 22:43:54,542 INFO Long connection metrics detail ,Total count =0, sdkCount=0,clusterCount=0

2026-10-04 22:43:54,542 INFO Out dated connection ,size=0

2026-10-04 22:43:54,542 INFO Connection check task end

2026-10-04 22:43:56,575 INFO ConnectionMetrics, totalCount = 0, detail = {long_connection=0, long_polling=0}

2026-10-04 22:43:57,546 INFO Connection check task start

2026-10-04 22:43:57,546 INFO Long connection metrics detail ,Total count =0, sdkCount=0,clusterCount=0

2026-10-04 22:43:57,546 INFO Out dated connection ,size=0

2026-10-04 22:43:57,546 INFO Connection check task end

2026-10-04 22:43:59,586 INFO ConnectionMetrics, totalCount = 0, detail = {long_connection=0, long_polling=0}

2026-10-04 22:44:00,558 INFO Connection check task start

2026-10-04 22:44:00,559 INFO Long connection metrics detail ,Total count =0, sdkCount=0,clusterCount=0

2026-10-04 22:44:00,559 INFO Out dated connection ,size=0

2026-10-04 22:44:00,559 INFO Connection check task end

2026-10-04 22:44:02,602 INFO ConnectionMetrics, totalCount = 0, detail = {long_connection=0, long_polling=0}

2026-10-04 22:44:03,574 INFO Connection check task start

2026-10-04 22:44:03,574 INFO Long connection metrics detail ,Total count =0, sdkCount=0,clusterCount=0

2026-10-04 22:44:03,574 INFO Out dated connection ,size=0

2026-10-04 22:44:03,574 INFO Connection check task end

2026-10-04 22:44:05,611 INFO ConnectionMetrics, totalCount = 0, detail = {long_connection=0, long_polling=0}

2026-10-04 22:44:06,579 INFO Connection check task start

2026-10-04 22:44:06,579 INFO Long connection metrics detail ,Total count =0, sdkCount=0,clusterCount=0

2026-10-04 22:44:06,579 INFO Out dated connection ,size=0

2026-10-04 22:44:06,579 INFO Connection check task end

2026-10-04 22:44:08,627 INFO ConnectionMetrics, totalCount = 0, detail = {long_connection=0, long_polling=0}

2026-10-04 22:44:09,584 INFO Connection check task start

2026-10-04 22:44:09,584 INFO Long connection metrics detail ,Total count =0, sdkCount=0,clusterCount=0

2026-10-04 22:44:09,585 INFO Out dated connection ,size=0

2026-10-04 22:44:09,585 INFO Connection check task end

2026-10-04 22:44:11,630 INFO ConnectionMetrics, totalCount = 0, detail = {long_connection=0, long_polling=0}

2026-10-04 22:44:12,589 INFO Connection check task start

2026-10-04 22:44:12,589 INFO Long connection metrics detail ,Total count =0, sdkCount=0,clusterCount=0

2026-10-04 22:44:12,589 INFO Out dated connection ,size=0

2026-10-04 22:44:12,589 INFO Connection check task end

2026-10-04 22:44:14,645 INFO ConnectionMetrics, totalCount = 0, detail = {long_connection=0, long_polling=0}

2026-10-04 22:44:15,600 INFO Connection check task start

2026-10-04 22:44:15,600 INFO Long connection metrics detail ,Total count =0, sdkCount=0,clusterCount=0

2026-10-04 22:44:15,600 INFO Out dated connection ,size=0

2026-10-04 22:44:15,600 INFO Connection check task end

2026-10-04 22:44:17,652 INFO ConnectionMetrics, totalCount = 0, detail = {long_connection=0, long_polling=0}

2026-10-04 22:44:18,613 INFO Connection check task start

2026-10-04 22:44:18,613 INFO Long connection metrics detail ,Total count =0, sdkCount=0,clusterCount=0

2026-10-04 22:44:18,613 INFO Out dated connection ,size=0

2026-10-04 22:44:18,613 INFO Connection check task end

2026-10-04 22:44:20,656 INFO ConnectionMetrics, totalCount = 0, detail = {long_connection=0, long_polling=0}

2026-10-04 22:44:21,627 INFO Connection check task start

2026-10-04 22:44:21,627 INFO Long connection metrics detail ,Total count =0, sdkCount=0,clusterCount=0

2026-10-04 22:44:21,627 INFO Out dated connection ,size=0

2026-10-04 22:44:21,627 INFO Connection check task end

2026-10-04 22:44:23,664 INFO ConnectionMetrics, totalCount = 0, detail = {long_connection=0, long_polling=0}

2026-10-04 22:44:24,635 INFO Connection check task start

2026-10-04 22:44:24,635 INFO Long connection metrics detail ,Total count =0, sdkCount=0,clusterCount=0

2026-10-04 22:44:24,635 INFO Out dated connection ,size=0

2026-10-04 22:44:24,635 INFO Connection check task end

2026-10-04 22:44:26,678 INFO ConnectionMetrics, totalCount = 0, detail = {long_connection=0, long_polling=0}

2026-10-04 22:44:27,636 INFO Connection check task start

2026-10-04 22:44:27,636 INFO Long connection metrics detail ,Total count =0, sdkCount=0,clusterCount=0

2026-10-04 22:44:27,636 INFO Out dated connection ,size=0

2026-10-04 22:44:27,636 INFO Connection check task end

2026-10-04 22:44:29,694 INFO ConnectionMetrics, totalCount = 0, detail = {long_connection=0, long_polling=0}

2026-10-04 22:44:30,646 INFO Connection check task start

2026-10-04 22:44:30,646 INFO Long connection metrics detail ,Total count =0, sdkCount=0,clusterCount=0

2026-10-04 22:44:30,646 INFO Out dated connection ,size=0

2026-10-04 22:44:30,646 INFO Connection check task end

2026-10-04 22:44:32,708 INFO ConnectionMetrics, totalCount = 0, detail = {long_connection=0, long_polling=0}

2026-10-04 22:44:33,649 INFO Connection check task start

2026-10-04 22:44:33,649 INFO Long connection metrics detail ,Total count =0, sdkCount=0,clusterCount=0

2026-10-04 22:44:33,649 INFO Out dated connection ,size=0

2026-10-04 22:44:33,649 INFO Connection check task end

2026-10-04 22:44:34,867 INFO [capacityManagement] start correct usage

2026-10-04 22:44:34,868 INFO [capacityManagement] end correct usage, cost: 0.0013437s

2026-10-04 22:44:35,716 INFO ConnectionMetrics, totalCount = 0, detail = {long_connection=0, long_polling=0}

2026-10-04 22:44:36,484 WARN clearConfigHistory start

2026-10-04 22:44:36,484 WARN clearConfigHistory, getBeforeStamp:2026-09-04 22:44:36.0, pageSize:1000

2026-10-04 22:44:36,655 INFO Connection check task start

2026-10-04 22:44:36,655 INFO Long connection metrics detail ,Total count =0, sdkCount=0,clusterCount=0

2026-10-04 22:44:36,655 INFO Out dated connection ,size=0

2026-10-04 22:44:36,655 INFO Connection check task end

2026-10-04 22:44:38,731 INFO ConnectionMetrics, totalCount = 0, detail = {long_connection=0, long_polling=0}

2026-10-04 22:44:39,670 INFO Connection check task start

2026-10-04 22:44:39,670 INFO Long connection metrics detail ,Total count =0, sdkCount=0,clusterCount=0

2026-10-04 22:44:39,670 INFO Out dated connection ,size=0

2026-10-04 22:44:39,670 INFO Connection check task end

2026-10-04 22:44:41,732 INFO ConnectionMetrics, totalCount = 0, detail = {long_connection=0, long_polling=0}

2026-10-04 22:44:42,685 INFO Connection check task start

2026-10-04 22:44:42,685 INFO Long connection metrics detail ,Total count =0, sdkCount=0,clusterCount=0

2026-10-04 22:44:42,685 INFO Out dated connection ,size=0

2026-10-04 22:44:42,685 INFO Connection check task end

2026-10-04 22:44:44,737 INFO ConnectionMetrics, totalCount = 0, detail = {long_connection=0, long_polling=0}

2026-10-04 22:44:45,698 INFO Connection check task start

2026-10-04 22:44:45,701 INFO Long connection metrics detail ,Total count =0, sdkCount=0,clusterCount=0

2026-10-04 22:44:45,701 INFO Out dated connection ,size=0

2026-10-04 22:44:45,701 INFO Connection check task end

2026-10-04 22:44:47,742 INFO ConnectionMetrics, totalCount = 0, detail = {long_connection=0, long_polling=0}

2026-10-04 22:44:48,710 INFO Connection check task start

2026-10-04 22:44:48,710 INFO Long connection metrics detail ,Total count =0, sdkCount=0,clusterCount=0

2026-10-04 22:44:48,710 INFO Out dated connection ,size=0

2026-10-04 22:44:48,710 INFO Connection check task end

2026-10-04 22:44:50,753 INFO ConnectionMetrics, totalCount = 0, detail = {long_connection=0, long_polling=0}

2026-10-04 22:44:51,712 INFO Connection check task start

2026-10-04 22:44:51,712 INFO Long connection metrics detail ,Total count =0, sdkCount=0,clusterCount=0

2026-10-04 22:44:51,712 INFO Out dated connection ,size=0

2026-10-04 22:44:51,712 INFO Connection check task end

2026-10-04 22:44:53,767 INFO ConnectionMetrics, totalCount = 0, detail = {long_connection=0, long_polling=0}

2026-10-04 22:44:54,714 INFO Connection check task start

2026-10-04 22:44:54,714 INFO Long connection metrics detail ,Total count =0, sdkCount=0,clusterCount=0

2026-10-04 22:44:54,714 INFO Out dated connection ,size=0

2026-10-04 22:44:54,714 INFO Connection check task end

2026-10-04 22:44:56,775 INFO ConnectionMetrics, totalCount = 0, detail = {long_connection=0, long_polling=0}

2026-10-04 22:44:57,717 INFO Connection check task start

2026-10-04 22:44:57,717 INFO Long connection metrics detail ,Total count =0, sdkCount=0,clusterCount=0

2026-10-04 22:44:57,717 INFO Out dated connection ,size=0

2026-10-04 22:44:57,717 INFO Connection check task end

2026-10-04 22:44:59,782 INFO ConnectionMetrics, totalCount = 0, detail = {long_connection=0, long_polling=0}

2026-10-04 22:45:00,723 INFO Connection check task start

2026-10-04 22:45:00,723 INFO Long connection metrics detail ,Total count =0, sdkCount=0,clusterCount=0

2026-10-04 22:45:00,723 INFO Out dated connection ,size=0

2026-10-04 22:45:00,723 INFO Connection check task end

2026-10-04 22:45:02,792 INFO ConnectionMetrics, totalCount = 0, detail = {long_connection=0, long_polling=0}

2026-10-04 22:45:03,736 INFO Connection check task start

2026-10-04 22:45:03,737 INFO Long connection metrics detail ,Total count =0, sdkCount=0,clusterCount=0

2026-10-04 22:45:03,737 INFO Out dated connection ,size=0

2026-10-04 22:45:03,737 INFO Connection check task end

2026-10-04 22:45:05,798 INFO ConnectionMetrics, totalCount = 0, detail = {long_connection=0, long_polling=0}

2026-10-04 22:45:06,741 INFO Connection check task start

2026-10-04 22:45:06,741 INFO Long connection metrics detail ,Total count =0, sdkCount=0,clusterCount=0

2026-10-04 22:45:06,741 INFO Out dated connection ,size=0

2026-10-04 22:45:06,741 INFO Connection check task end

2026-10-04 22:45:08,800 INFO ConnectionMetrics, totalCount = 0, detail = {long_connection=0, long_polling=0}

2026-10-04 22:45:09,758 INFO Connection check task start

2026-10-04 22:45:09,758 INFO Long connection metrics detail ,Total count =0, sdkCount=0,clusterCount=0

2026-10-04 22:45:09,758 INFO Out dated connection ,size=0

2026-10-04 22:45:09,758 INFO Connection check task end

2026-10-04 22:45:11,803 INFO ConnectionMetrics, totalCount = 0, detail = {long_connection=0, long_polling=0}

2026-10-04 22:45:12,765 INFO Connection check task start

2026-10-04 22:45:12,765 INFO Long connection metrics detail ,Total count =0, sdkCount=0,clusterCount=0

2026-10-04 22:45:12,765 INFO Out dated connection ,size=0

2026-10-04 22:45:12,765 INFO Connection check task end

2026-10-04 22:45:14,808 INFO ConnectionMetrics, totalCount = 0, detail = {long_connection=0, long_polling=0}

2026-10-04 22:45:15,771 INFO Connection check task start

2026-10-04 22:45:15,771 INFO Long connection metrics detail ,Total count =0, sdkCount=0,clusterCount=0

2026-10-04 22:45:15,771 INFO Out dated connection ,size=0

2026-10-04 22:45:15,771 INFO Connection check task end

2026-10-04 22:45:17,818 INFO ConnectionMetrics, totalCount = 0, detail = {long_connection=0, long_polling=0}

2026-10-04 22:45:18,774 INFO Connection check task start

2026-10-04 22:45:18,774 INFO Long connection metrics detail ,Total count =0, sdkCount=0,clusterCount=0

2026-10-04 22:45:18,774 INFO Out dated connection ,size=0

2026-10-04 22:45:18,774 INFO Connection check task end

2026-10-04 22:45:20,832 INFO ConnectionMetrics, totalCount = 0, detail = {long_connection=0, long_polling=0}

2026-10-04 22:45:21,789 INFO Connection check task start

2026-10-04 22:45:21,790 INFO Long connection metrics detail ,Total count =0, sdkCount=0,clusterCount=0

2026-10-04 22:45:21,790 INFO Out dated connection ,size=0

2026-10-04 22:45:21,790 INFO Connection check task end

2026-10-04 22:45:23,836 INFO ConnectionMetrics, totalCount = 0, detail = {long_connection=0, long_polling=0}

2026-10-04 22:45:24,797 INFO Connection check task start

2026-10-04 22:45:24,797 INFO Long connection metrics detail ,Total count =0, sdkCount=0,clusterCount=0

2026-10-04 22:45:24,797 INFO Out dated connection ,size=0

2026-10-04 22:45:24,797 INFO Connection check task end

2026-10-04 22:45:26,837 INFO ConnectionMetrics, totalCount = 0, detail = {long_connection=0, long_polling=0}

2026-10-04 22:45:27,808 INFO Connection check task start

2026-10-04 22:45:27,808 INFO Long connection metrics detail ,Total count =0, sdkCount=0,clusterCount=0

2026-10-04 22:45:27,808 INFO Out dated connection ,size=0

2026-10-04 22:45:27,808 INFO Connection check task end

2026-10-04 22:45:29,851 INFO ConnectionMetrics, totalCount = 0, detail = {long_connection=0, long_polling=0}

2026-10-04 22:45:30,823 INFO Connection check task start

2026-10-04 22:45:30,823 INFO Long connection metrics detail ,Total count =0, sdkCount=0,clusterCount=0

2026-10-04 22:45:30,823 INFO Out dated connection ,size=0

2026-10-04 22:45:30,823 INFO Connection check task end

2026-10-04 22:45:32,853 INFO ConnectionMetrics, totalCount = 0, detail = {long_connection=0, long_polling=0}

2026-10-04 22:45:33,839 INFO Connection check task start

2026-10-04 22:45:33,839 INFO Long connection metrics detail ,Total count =0, sdkCount=0,clusterCount=0

2026-10-04 22:45:33,839 INFO Out dated connection ,size=0

2026-10-04 22:45:33,839 INFO Connection check task end

2026-10-04 22:45:35,860 INFO ConnectionMetrics, totalCount = 0, detail = {long_connection=0, long_polling=0}

2026-10-04 22:45:36,844 INFO Connection check task start

2026-10-04 22:45:36,844 INFO Long connection metrics detail ,Total count =0, sdkCount=0,clusterCount=0

2026-10-04 22:45:36,844 INFO Out dated connection ,size=0

2026-10-04 22:45:36,844 INFO Connection check task end

2026-10-04 22:45:38,872 INFO ConnectionMetrics, totalCount = 0, detail = {long_connection=0, long_polling=0}

2026-10-04 22:45:39,846 INFO Connection check task start

2026-10-04 22:45:39,846 INFO Long connection metrics detail ,Total count =0, sdkCount=0,clusterCount=0

2026-10-04 22:45:39,847 INFO Out dated connection ,size=0

2026-10-04 22:45:39,847 INFO Connection check task end

2026-10-04 22:45:41,877 INFO ConnectionMetrics, totalCount = 0, detail = {long_connection=0, long_polling=0}

2026-10-04 22:45:42,852 INFO Connection check task start

2026-10-04 22:45:42,852 INFO Long connection metrics detail ,Total count =0, sdkCount=0,clusterCount=0

2026-10-04 22:45:42,852 INFO Out dated connection ,size=0

2026-10-04 22:45:42,852 INFO Connection check task end

2026-10-04 22:45:44,878 INFO ConnectionMetrics, totalCount = 0, detail = {long_connection=0, long_polling=0}

2026-10-04 22:45:45,861 INFO Connection check task start

2026-10-04 22:45:45,861 INFO Long connection metrics detail ,Total count =0, sdkCount=0,clusterCount=0

2026-10-04 22:45:45,861 INFO Out dated connection ,size=0

2026-10-04 22:45:45,861 INFO Connection check task end

2026-10-04 22:45:47,890 INFO ConnectionMetrics, totalCount = 0, detail = {long_connection=0, long_polling=0}

2026-10-04 22:45:48,870 INFO Connection check task start

2026-10-04 22:45:48,870 INFO Long connection metrics detail ,Total count =0, sdkCount=0,clusterCount=0

2026-10-04 22:45:48,870 INFO Out dated connection ,size=0

2026-10-04 22:45:48,870 INFO Connection check task end

2026-10-04 22:45:50,896 INFO ConnectionMetrics, totalCount = 0, detail = {long_connection=0, long_polling=0}

2026-10-04 22:45:51,881 INFO Connection check task start

2026-10-04 22:45:51,881 INFO Long connection metrics detail ,Total count =0, sdkCount=0,clusterCount=0

2026-10-04 22:45:51,881 INFO Out dated connection ,size=0

2026-10-04 22:45:51,881 INFO Connection check task end

2026-10-04 22:45:53,903 INFO ConnectionMetrics, totalCount = 0, detail = {long_connection=0, long_polling=0}

2026-10-04 22:45:54,894 INFO Connection check task start

2026-10-04 22:45:54,894 INFO Long connection metrics detail ,Total count =0, sdkCount=0,clusterCount=0

2026-10-04 22:45:54,894 INFO Out dated connection ,size=0

2026-10-04 22:45:54,894 INFO Connection check task end

2026-10-04 22:45:56,918 INFO ConnectionMetrics, totalCount = 0, detail = {long_connection=0, long_polling=0}

2026-10-04 22:45:57,896 INFO Connection check task start

2026-10-04 22:45:57,896 INFO Long connection metrics detail ,Total count =0, sdkCount=0,clusterCount=0

2026-10-04 22:45:57,896 INFO Out dated connection ,size=0

2026-10-04 22:45:57,896 INFO Connection check task end

2026-10-04 22:45:59,919 INFO ConnectionMetrics, totalCount = 0, detail = {long_connection=0, long_polling=0}

2026-10-04 22:46:00,907 INFO Connection check task start

2026-10-04 22:46:00,907 INFO Long connection metrics detail ,Total count =0, sdkCount=0,clusterCount=0

2026-10-04 22:46:00,907 INFO Out dated connection ,size=0

2026-10-04 22:46:00,907 INFO Connection check task end

2026-10-04 22:46:02,935 INFO ConnectionMetrics, totalCount = 0, detail = {long_connection=0, long_polling=0}

2026-10-04 22:46:03,912 INFO Connection check task start

2026-10-04 22:46:03,913 INFO Long connection metrics detail ,Total count =0, sdkCount=0,clusterCount=0

2026-10-04 22:46:03,913 INFO Out dated connection ,size=0

2026-10-04 22:46:03,913 INFO Connection check task end

2026-10-04 22:46:05,941 INFO ConnectionMetrics, totalCount = 0, detail = {long_connection=0, long_polling=0}

2026-10-04 22:46:06,928 INFO Connection check task start

2026-10-04 22:46:06,928 INFO Long connection metrics detail ,Total count =0, sdkCount=0,clusterCount=0

2026-10-04 22:46:06,928 INFO Out dated connection ,size=0

2026-10-04 22:46:06,928 INFO Connection check task end

2026-10-04 22:46:08,953 INFO ConnectionMetrics, totalCount = 0, detail = {long_connection=0, long_polling=0}

2026-10-04 22:46:09,943 INFO Connection check task start

2026-10-04 22:46:09,943 INFO Long connection metrics detail ,Total count =0, sdkCount=0,clusterCount=0

2026-10-04 22:46:09,943 INFO Out dated connection ,size=0

2026-10-04 22:46:09,943 INFO Connection check task end

2026-10-04 22:46:11,957 INFO ConnectionMetrics, totalCount = 0, detail = {long_connection=0, long_polling=0}

2026-10-04 22:46:12,947 INFO Connection check task start

2026-10-04 22:46:12,950 INFO Long connection metrics detail ,Total count =0, sdkCount=0,clusterCount=0

2026-10-04 22:46:12,950 INFO Out dated connection ,size=0

2026-10-04 22:46:12,950 INFO Connection check task end

2026-10-04 22:46:14,961 INFO ConnectionMetrics, totalCount = 0, detail = {long_connection=0, long_polling=0}

2026-10-04 22:46:15,966 INFO Connection check task start

2026-10-04 22:46:15,966 INFO Long connection metrics detail ,Total count =0, sdkCount=0,clusterCount=0

2026-10-04 22:46:15,966 INFO Out dated connection ,size=0

2026-10-04 22:46:15,967 INFO Connection check task end

2026-10-04 22:46:17,971 INFO ConnectionMetrics, totalCount = 0, detail = {long_connection=0, long_polling=0}

2026-10-04 22:46:18,985 INFO Connection check task start

2026-10-04 22:46:18,985 INFO Long connection metrics detail ,Total count =0, sdkCount=0,clusterCount=0

2026-10-04 22:46:18,985 INFO Out dated connection ,size=0

2026-10-04 22:46:18,985 INFO Connection check task end

2026-10-04 22:46:20,972 INFO ConnectionMetrics, totalCount = 0, detail = {long_connection=0, long_polling=0}

2026-10-04 22:46:21,993 INFO Connection check task start

2026-10-04 22:46:21,993 INFO Long connection metrics detail ,Total count =0, sdkCount=0,clusterCount=0

2026-10-04 22:46:21,993 INFO Out dated connection ,size=0

2026-10-04 22:46:21,993 INFO Connection check task end

2026-10-04 22:46:23,986 INFO ConnectionMetrics, totalCount = 0, detail = {long_connection=0, long_polling=0}

2026-10-04 22:46:25,005 INFO Connection check task start

2026-10-04 22:46:25,005 INFO Long connection metrics detail ,Total count =0, sdkCount=0,clusterCount=0

2026-10-04 22:46:25,005 INFO Out dated connection ,size=0

2026-10-04 22:46:25,005 INFO Connection check task end

2026-10-04 22:46:26,992 INFO ConnectionMetrics, totalCount = 0, detail = {long_connection=0, long_polling=0}

2026-10-04 22:46:28,008 INFO Connection check task start

2026-10-04 22:46:28,008 INFO Long connection metrics detail ,Total count =0, sdkCount=0,clusterCount=0

2026-10-04 22:46:28,008 INFO Out dated connection ,size=0

2026-10-04 22:46:28,008 INFO Connection check task end

2026-10-04 22:46:29,996 INFO ConnectionMetrics, totalCount = 0, detail = {long_connection=0, long_polling=0}

2026-10-04 22:46:31,008 INFO Connection check task start

2026-10-04 22:46:31,008 INFO Long connection metrics detail ,Total count =0, sdkCount=0,clusterCount=0

2026-10-04 22:46:31,008 INFO Out dated connection ,size=0

2026-10-04 22:46:31,008 INFO Connection check task end

2026-10-04 22:46:33,001 INFO ConnectionMetrics, totalCount = 0, detail = {long_connection=0, long_polling=0}

2026-10-04 22:46:34,016 INFO Connection check task start

2026-10-04 22:46:34,016 INFO Long connection metrics detail ,Total count =0, sdkCount=0,clusterCount=0

2026-10-04 22:46:34,016 INFO Out dated connection ,size=0

2026-10-04 22:46:34,016 INFO Connection check task end

2026-10-04 22:46:36,008 INFO ConnectionMetrics, totalCount = 0, detail = {long_connection=0, long_polling=0}

2026-10-04 22:46:37,030 INFO Connection check task start

2026-10-04 22:46:37,030 INFO Long connection metrics detail ,Total count =0, sdkCount=0,clusterCount=0

2026-10-04 22:46:37,030 INFO Out dated connection ,size=0

2026-10-04 22:46:37,030 INFO Connection check task end

2026-10-04 22:46:39,018 INFO ConnectionMetrics, totalCount = 0, detail = {long_connection=0, long_polling=0}

2026-10-04 22:46:40,043 INFO Connection check task start

2026-10-04 22:46:40,043 INFO Long connection metrics detail ,Total count =0, sdkCount=0,clusterCount=0

2026-10-04 22:46:40,043 INFO Out dated connection ,size=0

2026-10-04 22:46:40,043 INFO Connection check task end

2026-10-04 22:46:42,078 INFO ConnectionMetrics, totalCount = 0, detail = {long_connection=0, long_polling=0}

2026-10-04 22:46:43,053 INFO Connection check task start

2026-10-04 22:46:43,053 INFO Long connection metrics detail ,Total count =0, sdkCount=0,clusterCount=0

2026-10-04 22:46:43,053 INFO Out dated connection ,size=0

2026-10-04 22:46:43,053 INFO Connection check task end

2026-10-04 22:46:45,092 INFO ConnectionMetrics, totalCount = 0, detail = {long_connection=0, long_polling=0}

2026-10-04 22:46:46,057 INFO Connection check task start

2026-10-04 22:46:46,057 INFO Long connection metrics detail ,Total count =0, sdkCount=0,clusterCount=0

2026-10-04 22:46:46,057 INFO Out dated connection ,size=0

2026-10-04 22:46:46,057 INFO Connection check task end

2026-10-04 22:46:48,095 INFO ConnectionMetrics, totalCount = 0, detail = {long_connection=0, long_polling=0}

2026-10-04 22:46:49,074 INFO Connection check task start

2026-10-04 22:46:49,074 INFO Long connection metrics detail ,Total count =0, sdkCount=0,clusterCount=0

2026-10-04 22:46:49,074 INFO Out dated connection ,size=0

2026-10-04 22:46:49,074 INFO Connection check task end

2026-10-04 22:46:51,107 INFO ConnectionMetrics, totalCount = 0, detail = {long_connection=0, long_polling=0}

2026-10-04 22:46:52,079 INFO Connection check task start

2026-10-04 22:46:52,079 INFO Long connection metrics detail ,Total count =0, sdkCount=0,clusterCount=0

2026-10-04 22:46:52,079 INFO Out dated connection ,size=0

2026-10-04 22:46:52,079 INFO Connection check task end

2026-10-04 22:46:54,124 INFO ConnectionMetrics, totalCount = 0, detail = {long_connection=0, long_polling=0}

2026-10-04 22:46:55,086 INFO Connection check task start

2026-10-04 22:46:55,086 INFO Long connection metrics detail ,Total count =0, sdkCount=0,clusterCount=0

2026-10-04 22:46:55,086 INFO Out dated connection ,size=0

2026-10-04 22:46:55,086 INFO Connection check task end

2026-10-04 22:46:57,132 INFO ConnectionMetrics, totalCount = 0, detail = {long_connection=0, long_polling=0}

2026-10-04 22:46:58,094 INFO Connection check task start

2026-10-04 22:46:58,094 INFO Long connection metrics detail ,Total count =0, sdkCount=0,clusterCount=0

2026-10-04 22:46:58,094 INFO Out dated connection ,size=0

2026-10-04 22:46:58,094 INFO Connection check task end

2026-10-04 22:47:00,140 INFO ConnectionMetrics, totalCount = 0, detail = {long_connection=0, long_polling=0}

2026-10-04 22:47:01,095 INFO Connection check task start

2026-10-04 22:47:01,095 INFO Long connection metrics detail ,Total count =0, sdkCount=0,clusterCount=0

2026-10-04 22:47:01,095 INFO Out dated connection ,size=0

2026-10-04 22:47:01,095 INFO Connection check task end

2026-10-04 22:47:03,141 INFO ConnectionMetrics, totalCount = 0, detail = {long_connection=0, long_polling=0}

2026-10-04 22:47:04,097 INFO Connection check task start

2026-10-04 22:47:04,097 INFO Long connection metrics detail ,Total count =0, sdkCount=0,clusterCount=0

2026-10-04 22:47:04,097 INFO Out dated connection ,size=0

2026-10-04 22:47:04,097 INFO Connection check task end

2026-10-04 22:47:06,146 INFO ConnectionMetrics, totalCount = 0, detail = {long_connection=0, long_polling=0}

2026-10-04 22:47:07,102 INFO Connection check task start

2026-10-04 22:47:07,102 INFO Long connection metrics detail ,Total count =0, sdkCount=0,clusterCount=0

2026-10-04 22:47:07,102 INFO Out dated connection ,size=0

2026-10-04 22:47:07,102 INFO Connection check task end

2026-10-04 22:47:09,169 INFO ConnectionMetrics, totalCount = 0, detail = {long_connection=0, long_polling=0}

2026-10-04 22:47:10,116 INFO Connection check task start

2026-10-04 22:47:10,116 INFO Long connection metrics detail ,Total count =0, sdkCount=0,clusterCount=0

2026-10-04 22:47:10,116 INFO Out dated connection ,size=0

2026-10-04 22:47:10,116 INFO Connection check task end

2026-10-04 22:47:12,181 INFO ConnectionMetrics, totalCount = 0, detail = {long_connection=0, long_polling=0}

2026-10-04 22:47:13,119 INFO Connection check task start

2026-10-04 22:47:13,119 INFO Long connection metrics detail ,Total count =0, sdkCount=0,clusterCount=0

2026-10-04 22:47:13,119 INFO Out dated connection ,size=0

2026-10-04 22:47:13,119 INFO Connection check task end

2026-10-04 22:47:15,193 INFO ConnectionMetrics, totalCount = 0, detail = {long_connection=0, long_polling=0}

2026-10-04 22:47:16,133 INFO Connection check task start

2026-10-04 22:47:16,133 INFO Long connection metrics detail ,Total count =0, sdkCount=0,clusterCount=0

2026-10-04 22:47:16,133 INFO Out dated connection ,size=0

2026-10-04 22:47:16,133 INFO Connection check task end

2026-10-04 22:47:18,204 INFO ConnectionMetrics, totalCount = 0, detail = {long_connection=0, long_polling=0}

2026-10-04 22:47:19,146 INFO Connection check task start

2026-10-04 22:47:19,146 INFO Long connection metrics detail ,Total count =0, sdkCount=0,clusterCount=0

2026-10-04 22:47:19,146 INFO Out dated connection ,size=0

2026-10-04 22:47:19,146 INFO Connection check task end

2026-10-04 22:47:21,217 INFO ConnectionMetrics, totalCount = 0, detail = {long_connection=0, long_polling=0}

2026-10-04 22:47:22,157 INFO Connection check task start

2026-10-04 22:47:22,157 INFO Long connection metrics detail ,Total count =0, sdkCount=0,clusterCount=0

2026-10-04 22:47:22,157 INFO Out dated connection ,size=0

2026-10-04 22:47:22,157 INFO Connection check task end

2026-10-04 22:47:24,229 INFO ConnectionMetrics, totalCount = 0, detail = {long_connection=0, long_polling=0}

2026-10-04 22:47:25,165 INFO Connection check task start

2026-10-04 22:47:25,165 INFO Long connection metrics detail ,Total count =0, sdkCount=0,clusterCount=0

2026-10-04 22:47:25,165 INFO Out dated connection ,size=0

2026-10-04 22:47:25,165 INFO Connection check task end

2026-10-04 22:47:27,242 INFO ConnectionMetrics, totalCount = 0, detail = {long_connection=0, long_polling=0}

2026-10-04 22:47:28,179 INFO Connection check task start

2026-10-04 22:47:28,179 INFO Long connection metrics detail ,Total count =0, sdkCount=0,clusterCount=0

2026-10-04 22:47:28,179 INFO Out dated connection ,size=0

2026-10-04 22:47:28,179 INFO Connection check task end

2026-10-04 22:47:30,244 INFO ConnectionMetrics, totalCount = 0, detail = {long_connection=0, long_polling=0}

2026-10-04 22:47:31,187 INFO Connection check task start

2026-10-04 22:47:31,187 INFO Long connection metrics detail ,Total count =0, sdkCount=0,clusterCount=0

2026-10-04 22:47:31,187 INFO Out dated connection ,size=0

2026-10-04 22:47:31,187 INFO Connection check task end

2026-10-04 22:47:33,251 INFO ConnectionMetrics, totalCount = 0, detail = {long_connection=0, long_polling=0}

2026-10-04 22:47:34,194 INFO Connection check task start

2026-10-04 22:47:34,194 INFO Long connection metrics detail ,Total count =0, sdkCount=0,clusterCount=0

2026-10-04 22:47:34,194 INFO Out dated connection ,size=0

2026-10-04 22:47:34,194 INFO Connection check task end

2026-10-04 22:47:36,256 INFO ConnectionMetrics, totalCount = 0, detail = {long_connection=0, long_polling=0}

2026-10-04 22:47:37,195 INFO Connection check task start

2026-10-04 22:47:37,195 INFO Long connection metrics detail ,Total count =0, sdkCount=0,clusterCount=0

2026-10-04 22:47:37,195 INFO Out dated connection ,size=0

2026-10-04 22:47:37,195 INFO Connection check task end

2026-10-04 22:47:39,274 INFO ConnectionMetrics, totalCount = 0, detail = {long_connection=0, long_polling=0}

2026-10-04 22:47:40,196 INFO Connection check task start

2026-10-04 22:47:40,196 INFO Long connection metrics detail ,Total count =0, sdkCount=0,clusterCount=0

2026-10-04 22:47:40,196 INFO Out dated connection ,size=0

2026-10-04 22:47:40,196 INFO Connection check task end

2026-10-04 22:47:42,280 INFO ConnectionMetrics, totalCount = 0, detail = {long_connection=0, long_polling=0}

2026-10-04 22:47:43,212 INFO Connection check task start

2026-10-04 22:47:43,212 INFO Long connection metrics detail ,Total count =0, sdkCount=0,clusterCount=0

2026-10-04 22:47:43,212 INFO Out dated connection ,size=0

2026-10-04 22:47:43,212 INFO Connection check task end

2026-10-04 22:47:45,288 INFO ConnectionMetrics, totalCount = 0, detail = {long_connection=0, long_polling=0}

2026-10-04 22:47:46,225 INFO Connection check task start

2026-10-04 22:47:46,225 INFO Long connection metrics detail ,Total count =0, sdkCount=0,clusterCount=0

2026-10-04 22:47:46,225 INFO Out dated connection ,size=0

2026-10-04 22:47:46,225 INFO Connection check task end

2026-10-04 22:47:48,297 INFO ConnectionMetrics, totalCount = 0, detail = {long_connection=0, long_polling=0}

2026-10-04 22:47:49,237 INFO Connection check task start

2026-10-04 22:47:49,237 INFO Long connection metrics detail ,Total count =0, sdkCount=0,clusterCount=0

2026-10-04 22:47:49,237 INFO Out dated connection ,size=0

2026-10-04 22:47:49,237 INFO Connection check task end

2026-10-04 22:47:51,298 INFO ConnectionMetrics, totalCount = 0, detail = {long_connection=0, long_polling=0}

2026-10-04 22:47:52,247 INFO Connection check task start

2026-10-04 22:47:52,247 INFO Long connection metrics detail ,Total count =0, sdkCount=0,clusterCount=0

2026-10-04 22:47:52,247 INFO Out dated connection ,size=0

2026-10-04 22:47:52,247 INFO Connection check task end

2026-10-04 22:47:54,309 INFO ConnectionMetrics, totalCount = 0, detail = {long_connection=0, long_polling=0}

2026-10-04 22:47:55,248 INFO Connection check task start

2026-10-04 22:47:55,248 INFO Long connection metrics detail ,Total count =0, sdkCount=0,clusterCount=0

2026-10-04 22:47:55,248 INFO Out dated connection ,size=0

2026-10-04 22:47:55,248 INFO Connection check task end

2026-10-04 22:47:57,313 INFO ConnectionMetrics, totalCount = 0, detail = {long_connection=0, long_polling=0}

2026-10-04 22:47:58,253 INFO Connection check task start

2026-10-04 22:47:58,254 INFO Long connection metrics detail ,Total count =0, sdkCount=0,clusterCount=0

2026-10-04 22:47:58,254 INFO Out dated connection ,size=0

2026-10-04 22:47:58,254 INFO Connection check task end

2026-10-04 22:48:00,319 INFO ConnectionMetrics, totalCount = 0, detail = {long_connection=0, long_polling=0}

2026-10-04 22:48:01,261 INFO Connection check task start

2026-10-04 22:48:01,261 INFO Long connection metrics detail ,Total count =0, sdkCount=0,clusterCount=0

2026-10-04 22:48:01,261 INFO Out dated connection ,size=0

2026-10-04 22:48:01,261 INFO Connection check task end

2026-10-04 22:48:03,333 INFO ConnectionMetrics, totalCount = 0, detail = {long_connection=0, long_polling=0}

2026-10-04 22:48:04,273 INFO Connection check task start

2026-10-04 22:48:04,273 INFO Long connection metrics detail ,Total count =0, sdkCount=0,clusterCount=0

2026-10-04 22:48:04,273 INFO Out dated connection ,size=0

2026-10-04 22:48:04,273 INFO Connection check task end

2026-10-04 22:48:06,344 INFO ConnectionMetrics, totalCount = 0, detail = {long_connection=0, long_polling=0}

2026-10-04 22:48:07,274 INFO Connection check task start

2026-10-04 22:48:07,274 INFO Long connection metrics detail ,Total count =0, sdkCount=0,clusterCount=0

2026-10-04 22:48:07,274 INFO Out dated connection ,size=0

2026-10-04 22:48:07,274 INFO Connection check task end

2026-10-04 22:48:09,349 INFO ConnectionMetrics, totalCount = 0, detail = {long_connection=0, long_polling=0}

2026-10-04 22:48:10,286 INFO Connection check task start

2026-10-04 22:48:10,286 INFO Long connection metrics detail ,Total count =0, sdkCount=0,clusterCount=0

2026-10-04 22:48:10,286 INFO Out dated connection ,size=0

2026-10-04 22:48:10,286 INFO Connection check task end

2026-10-04 22:48:12,361 INFO ConnectionMetrics, totalCount = 0, detail = {long_connection=0, long_polling=0}

2026-10-04 22:48:13,288 INFO Connection check task start

2026-10-04 22:48:13,288 INFO Long connection metrics detail ,Total count =0, sdkCount=0,clusterCount=0

2026-10-04 22:48:13,288 INFO Out dated connection ,size=0

2026-10-04 22:48:13,288 INFO Connection check task end

2026-10-04 22:48:15,370 INFO ConnectionMetrics, totalCount = 0, detail = {long_connection=0, long_polling=0}

2026-10-04 22:48:16,301 INFO Connection check task start

2026-10-04 22:48:16,301 INFO Long connection metrics detail ,Total count =0, sdkCount=0,clusterCount=0

2026-10-04 22:48:16,301 INFO Out dated connection ,size=0

2026-10-04 22:48:16,302 INFO Connection check task end

2026-10-04 22:48:18,372 INFO ConnectionMetrics, totalCount = 0, detail = {long_connection=0, long_polling=0}

2026-10-04 22:48:19,306 INFO Connection check task start

2026-10-04 22:48:19,306 INFO Long connection metrics detail ,Total count =0, sdkCount=0,clusterCount=0

2026-10-04 22:48:19,306 INFO Out dated connection ,size=0

2026-10-04 22:48:19,306 INFO Connection check task end

2026-10-04 22:48:21,387 INFO ConnectionMetrics, totalCount = 0, detail = {long_connection=0, long_polling=0}

2026-10-04 22:48:22,311 INFO Connection check task start

2026-10-04 22:48:22,311 INFO Long connection metrics detail ,Total count =0, sdkCount=0,clusterCount=0

2026-10-04 22:48:22,311 INFO Out dated connection ,size=0

2026-10-04 22:48:22,311 INFO Connection check task end

2026-10-04 22:48:24,395 INFO ConnectionMetrics, totalCount = 0, detail = {long_connection=0, long_polling=0}

2026-10-04 22:48:25,317 INFO Connection check task start

2026-10-04 22:48:25,317 INFO Long connection metrics detail ,Total count =0, sdkCount=0,clusterCount=0

2026-10-04 22:48:25,317 INFO Out dated connection ,size=0

2026-10-04 22:48:25,317 INFO Connection check task end

2026-10-04 22:48:27,400 INFO ConnectionMetrics, totalCount = 0, detail = {long_connection=0, long_polling=0}

2026-10-04 22:48:28,332 INFO Connection check task start

2026-10-04 22:48:28,332 INFO Long connection metrics detail ,Total count =0, sdkCount=0,clusterCount=0

2026-10-04 22:48:28,332 INFO Out dated connection ,size=0

2026-10-04 22:48:28,332 INFO Connection check task end

2026-10-04 22:48:30,401 INFO ConnectionMetrics, totalCount = 0, detail = {long_connection=0, long_polling=0}

2026-10-04 22:48:31,345 INFO Connection check task start

2026-10-04 22:48:31,345 INFO Long connection metrics detail ,Total count =0, sdkCount=0,clusterCount=0

2026-10-04 22:48:31,345 INFO Out dated connection ,size=0

2026-10-04 22:48:31,345 INFO Connection check task end

2026-10-04 22:48:33,407 INFO ConnectionMetrics, totalCount = 0, detail = {long_connection=0, long_polling=0}

2026-10-04 22:48:34,351 INFO Connection check task start

2026-10-04 22:48:34,351 INFO Long connection metrics detail ,Total count =0, sdkCount=0,clusterCount=0

2026-10-04 22:48:34,351 INFO Out dated connection ,size=0

2026-10-04 22:48:34,351 INFO Connection check task end

2026-10-04 22:48:36,410 INFO ConnectionMetrics, totalCount = 0, detail = {long_connection=0, long_polling=0}

2026-10-04 22:48:37,362 INFO Connection check task start

2026-10-04 22:48:37,362 INFO Long connection metrics detail ,Total count =0, sdkCount=0,clusterCount=0

2026-10-04 22:48:37,362 INFO Out dated connection ,size=0

2026-10-04 22:48:37,362 INFO Connection check task end

2026-10-04 22:48:39,420 INFO ConnectionMetrics, totalCount = 0, detail = {long_connection=0, long_polling=0}

2026-10-04 22:48:40,364 INFO Connection check task start

2026-10-04 22:48:40,364 INFO Long connection metrics detail ,Total count =0, sdkCount=0,clusterCount=0

2026-10-04 22:48:40,364 INFO Out dated connection ,size=0

2026-10-04 22:48:40,364 INFO Connection check task end

2026-10-04 22:48:42,430 INFO ConnectionMetrics, totalCount = 0, detail = {long_connection=0, long_polling=0}

2026-10-04 22:48:43,371 INFO Connection check task start

2026-10-04 22:48:43,371 INFO Long connection metrics detail ,Total count =0, sdkCount=0,clusterCount=0

2026-10-04 22:48:43,371 INFO Out dated connection ,size=0

2026-10-04 22:48:43,371 INFO Connection check task end

2026-10-04 22:48:45,439 INFO ConnectionMetrics, totalCount = 0, detail = {long_connection=0, long_polling=0}

2026-10-04 22:48:46,378 INFO Connection check task start

2026-10-04 22:48:46,378 INFO Long connection metrics detail ,Total count =0, sdkCount=0,clusterCount=0

2026-10-04 22:48:46,378 INFO Out dated connection ,size=0

2026-10-04 22:48:46,378 INFO Connection check task end

2026-10-04 22:48:48,453 INFO ConnectionMetrics, totalCount = 0, detail = {long_connection=0, long_polling=0}

2026-10-04 22:48:49,381 INFO Connection check task start

2026-10-04 22:48:49,381 INFO Long connection metrics detail ,Total count =0, sdkCount=0,clusterCount=0

2026-10-04 22:48:49,381 INFO Out dated connection ,size=0

2026-10-04 22:48:49,381 INFO Connection check task end

2026-10-04 22:48:51,456 INFO ConnectionMetrics, totalCount = 0, detail = {long_connection=0, long_polling=0}

2026-10-04 22:48:52,383 INFO Connection check task start

2026-10-04 22:48:52,383 INFO Long connection metrics detail ,Total count =0, sdkCount=0,clusterCount=0

2026-10-04 22:48:52,383 INFO Out dated connection ,size=0

2026-10-04 22:48:52,383 INFO Connection check task end

2026-10-04 22:48:54,468 INFO ConnectionMetrics, totalCount = 0, detail = {long_connection=0, long_polling=0}

2026-10-04 22:48:55,397 INFO Connection check task start

2026-10-04 22:48:55,397 INFO Long connection metrics detail ,Total count =0, sdkCount=0,clusterCount=0

2026-10-04 22:48:55,398 INFO Out dated connection ,size=0

2026-10-04 22:48:55,398 INFO Connection check task end

2026-10-04 22:48:57,477 INFO ConnectionMetrics, totalCount = 0, detail = {long_connection=0, long_polling=0}

2026-10-04 22:48:58,404 INFO Connection check task start

2026-10-04 22:48:58,404 INFO Long connection metrics detail ,Total count =0, sdkCount=0,clusterCount=0

2026-10-04 22:48:58,404 INFO Out dated connection ,size=0

2026-10-04 22:48:58,404 INFO Connection check task end

2026-10-04 22:49:00,480 INFO ConnectionMetrics, totalCount = 0, detail = {long_connection=0, long_polling=0}

2026-10-04 22:49:01,406 INFO Connection check task start

2026-10-04 22:49:01,406 INFO Long connection metrics detail ,Total count =0, sdkCount=0,clusterCount=0

2026-10-04 22:49:01,406 INFO Out dated connection ,size=0

2026-10-04 22:49:01,406 INFO Connection check task end

2026-10-04 22:49:03,484 INFO ConnectionMetrics, totalCount = 0, detail = {long_connection=0, long_polling=0}

2026-10-04 22:49:04,420 INFO Connection check task start

2026-10-04 22:49:04,420 INFO Long connection metrics detail ,Total count =0, sdkCount=0,clusterCount=0

2026-10-04 22:49:04,420 INFO Out dated connection ,size=0

2026-10-04 22:49:04,420 INFO Connection check task end

2026-10-04 22:49:06,492 INFO ConnectionMetrics, totalCount = 0, detail = {long_connection=0, long_polling=0}

2026-10-04 22:49:07,429 INFO Connection check task start

2026-10-04 22:49:07,429 INFO Long connection metrics detail ,Total count =0, sdkCount=0,clusterCount=0

2026-10-04 22:49:07,429 INFO Out dated connection ,size=0

2026-10-04 22:49:07,429 INFO Connection check task end

2026-10-04 22:49:09,497 INFO ConnectionMetrics, totalCount = 0, detail = {long_connection=0, long_polling=0}

2026-10-04 22:49:10,432 INFO Connection check task start

2026-10-04 22:49:10,433 INFO Long connection metrics detail ,Total count =0, sdkCount=0,clusterCount=0

2026-10-04 22:49:10,433 INFO Out dated connection ,size=0

2026-10-04 22:49:10,433 INFO Connection check task end

2026-10-04 22:49:12,511 INFO ConnectionMetrics, totalCount = 0, detail = {long_connection=0, long_polling=0}

2026-10-04 22:49:13,447 INFO Connection check task start

2026-10-04 22:49:13,447 INFO Long connection metrics detail ,Total count =0, sdkCount=0,clusterCount=0

2026-10-04 22:49:13,447 INFO Out dated connection ,size=0

2026-10-04 22:49:13,447 INFO Connection check task end

2026-10-04 22:49:15,527 INFO ConnectionMetrics, totalCount = 0, detail = {long_connection=0, long_polling=0}

2026-10-04 22:49:16,453 INFO Connection check task start

2026-10-04 22:49:16,453 INFO Long connection metrics detail ,Total count =0, sdkCount=0,clusterCount=0

2026-10-04 22:49:16,453 INFO Out dated connection ,size=0

2026-10-04 22:49:16,453 INFO Connection check task end

2026-10-04 22:49:18,539 INFO ConnectionMetrics, totalCount = 0, detail = {long_connection=0, long_polling=0}

2026-10-04 22:49:19,462 INFO Connection check task start

2026-10-04 22:49:19,462 INFO Long connection metrics detail ,Total count =0, sdkCount=0,clusterCount=0

2026-10-04 22:49:19,462 INFO Out dated connection ,size=0

2026-10-04 22:49:19,462 INFO Connection check task end

2026-10-04 22:49:21,540 INFO ConnectionMetrics, totalCount = 0, detail = {long_connection=0, long_polling=0}

2026-10-04 22:49:22,470 INFO Connection check task start

2026-10-04 22:49:22,470 INFO Long connection metrics detail ,Total count =0, sdkCount=0,clusterCount=0

2026-10-04 22:49:22,470 INFO Out dated connection ,size=0

2026-10-04 22:49:22,470 INFO Connection check task end

2026-10-04 22:49:24,549 INFO ConnectionMetrics, totalCount = 0, detail = {long_connection=0, long_polling=0}

2026-10-04 22:49:25,474 INFO Connection check task start

2026-10-04 22:49:25,474 INFO Long connection metrics detail ,Total count =0, sdkCount=0,clusterCount=0

2026-10-04 22:49:25,474 INFO Out dated connection ,size=0

2026-10-04 22:49:25,474 INFO Connection check task end

2026-10-04 22:49:27,564 INFO ConnectionMetrics, totalCount = 0, detail = {long_connection=0, long_polling=0}

2026-10-04 22:49:28,478 INFO Connection check task start

2026-10-04 22:49:28,478 INFO Long connection metrics detail ,Total count =0, sdkCount=0,clusterCount=0

2026-10-04 22:49:28,478 INFO Out dated connection ,size=0

2026-10-04 22:49:28,478 INFO Connection check task end

2026-10-04 22:49:30,573 INFO ConnectionMetrics, totalCount = 0, detail = {long_connection=0, long_polling=0}

2026-10-04 22:49:31,487 INFO Connection check task start

2026-10-04 22:49:31,487 INFO Long connection metrics detail ,Total count =0, sdkCount=0,clusterCount=0

2026-10-04 22:49:31,487 INFO Out dated connection ,size=0

2026-10-04 22:49:31,487 INFO Connection check task end

2026-10-04 22:49:33,588 INFO ConnectionMetrics, totalCount = 0, detail = {long_connection=0, long_polling=0}

2026-10-04 22:49:34,488 INFO Connection check task start

2026-10-04 22:49:34,488 INFO Long connection metrics detail ,Total count =0, sdkCount=0,clusterCount=0

2026-10-04 22:49:34,488 INFO Out dated connection ,size=0

2026-10-04 22:49:34,488 INFO Connection check task end

2026-10-04 22:49:36,600 INFO ConnectionMetrics, totalCount = 0, detail = {long_connection=0, long_polling=0}

2026-10-04 22:49:37,501 INFO Connection check task start

2026-10-04 22:49:37,504 INFO Long connection metrics detail ,Total count =0, sdkCount=0,clusterCount=0

2026-10-04 22:49:37,504 INFO Out dated connection ,size=0

2026-10-04 22:49:37,504 INFO Connection check task end

2026-10-04 22:49:39,603 INFO ConnectionMetrics, totalCount = 0, detail = {long_connection=0, long_polling=0}

2026-10-04 22:49:40,516 INFO Connection check task start

2026-10-04 22:49:40,516 INFO Long connection metrics detail ,Total count =0, sdkCount=0,clusterCount=0

2026-10-04 22:49:40,516 INFO Out dated connection ,size=0

2026-10-04 22:49:40,516 INFO Connection check task end

2026-10-04 22:49:42,607 INFO ConnectionMetrics, totalCount = 0, detail = {long_connection=0, long_polling=0}

2026-10-04 22:49:43,529 INFO Connection check task start

2026-10-04 22:49:43,529 INFO Long connection metrics detail ,Total count =0, sdkCount=0,clusterCount=0

2026-10-04 22:49:43,529 INFO Out dated connection ,size=0

2026-10-04 22:49:43,529 INFO Connection check task end

2026-10-04 22:49:45,610 INFO ConnectionMetrics, totalCount = 0, detail = {long_connection=0, long_polling=0}

2026-10-04 22:49:46,537 INFO Connection check task start

2026-10-04 22:49:46,537 INFO Long connection metrics detail ,Total count =0, sdkCount=0,clusterCount=0

2026-10-04 22:49:46,537 INFO Out dated connection ,size=0

2026-10-04 22:49:46,537 INFO Connection check task end

2026-10-04 22:49:48,626 INFO ConnectionMetrics, totalCount = 0, detail = {long_connection=0, long_polling=0}

2026-10-04 22:49:49,552 INFO Connection check task start

2026-10-04 22:49:49,552 INFO Long connection metrics detail ,Total count =0, sdkCount=0,clusterCount=0

2026-10-04 22:49:49,552 INFO Out dated connection ,size=0

2026-10-04 22:49:49,552 INFO Connection check task end

2026-10-04 22:49:51,632 INFO ConnectionMetrics, totalCount = 0, detail = {long_connection=0, long_polling=0}

2026-10-04 22:49:52,559 INFO Connection check task start

2026-10-04 22:49:52,559 INFO Long connection metrics detail ,Total count =0, sdkCount=0,clusterCount=0

2026-10-04 22:49:52,559 INFO Out dated connection ,size=0

2026-10-04 22:49:52,559 INFO Connection check task end

2026-10-04 22:49:54,648 INFO ConnectionMetrics, totalCount = 0, detail = {long_connection=0, long_polling=0}

2026-10-04 22:49:55,573 INFO Connection check task start

2026-10-04 22:49:55,573 INFO Long connection metrics detail ,Total count =0, sdkCount=0,clusterCount=0

2026-10-04 22:49:55,573 INFO Out dated connection ,size=0

2026-10-04 22:49:55,573 INFO Connection check task end

2026-10-04 22:49:57,662 INFO ConnectionMetrics, totalCount = 0, detail = {long_connection=0, long_polling=0}

2026-10-04 22:49:58,575 INFO Connection check task start

2026-10-04 22:49:58,575 INFO Long connection metrics detail ,Total count =0, sdkCount=0,clusterCount=0

2026-10-04 22:49:58,576 INFO Out dated connection ,size=0

2026-10-04 22:49:58,576 INFO Connection check task end

2026-10-04 22:50:00,683 INFO ConnectionMetrics, totalCount = 0, detail = {long_connection=0, long_polling=0}

2026-10-04 22:50:01,582 INFO Connection check task start

2026-10-04 22:50:01,582 INFO Long connection metrics detail ,Total count =0, sdkCount=0,clusterCount=0

2026-10-04 22:50:01,582 INFO Out dated connection ,size=0

2026-10-04 22:50:01,582 INFO Connection check task end

2026-10-04 22:50:03,693 INFO ConnectionMetrics, totalCount = 0, detail = {long_connection=0, long_polling=0}

2026-10-04 22:50:04,589 INFO Connection check task start

2026-10-04 22:50:04,589 INFO Long connection metrics detail ,Total count =0, sdkCount=0,clusterCount=0

2026-10-04 22:50:04,589 INFO Out dated connection ,size=0

2026-10-04 22:50:04,589 INFO Connection check task end

2026-10-04 22:50:06,707 INFO ConnectionMetrics, totalCount = 0, detail = {long_connection=0, long_polling=0}

2026-10-04 22:50:07,595 INFO Connection check task start

2026-10-04 22:50:07,595 INFO Long connection metrics detail ,Total count =0, sdkCount=0,clusterCount=0

2026-10-04 22:50:07,595 INFO Out dated connection ,size=0

2026-10-04 22:50:07,595 INFO Connection check task end

2026-10-04 22:50:09,709 INFO ConnectionMetrics, totalCount = 0, detail = {long_connection=0, long_polling=0}

2026-10-04 22:50:10,601 INFO Connection check task start

2026-10-04 22:50:10,603 INFO Long connection metrics detail ,Total count =0, sdkCount=0,clusterCount=0

2026-10-04 22:50:10,603 INFO Out dated connection ,size=0

2026-10-04 22:50:10,603 INFO Connection check task end

2026-10-04 22:50:12,722 INFO ConnectionMetrics, totalCount = 0, detail = {long_connection=0, long_polling=0}

2026-10-04 22:50:13,615 INFO Connection check task start

2026-10-04 22:50:13,615 INFO Long connection metrics detail ,Total count =0, sdkCount=0,clusterCount=0

2026-10-04 22:50:13,615 INFO Out dated connection ,size=0

2026-10-04 22:50:13,615 INFO Connection check task end

2026-10-04 22:50:15,725 INFO ConnectionMetrics, totalCount = 0, detail = {long_connection=0, long_polling=0}

2026-10-04 22:50:16,631 INFO Connection check task start

2026-10-04 22:50:16,631 INFO Long connection metrics detail ,Total count =0, sdkCount=0,clusterCount=0

2026-10-04 22:50:16,631 INFO Out dated connection ,size=0

2026-10-04 22:50:16,631 INFO Connection check task end

2026-10-04 22:50:18,737 INFO ConnectionMetrics, totalCount = 0, detail = {long_connection=0, long_polling=0}

2026-10-04 22:50:19,646 INFO Connection check task start

2026-10-04 22:50:19,646 INFO Long connection metrics detail ,Total count =0, sdkCount=0,clusterCount=0

2026-10-04 22:50:19,646 INFO Out dated connection ,size=0

2026-10-04 22:50:19,646 INFO Connection check task end

2026-10-04 22:50:21,748 INFO ConnectionMetrics, totalCount = 0, detail = {long_connection=0, long_polling=0}

2026-10-04 22:50:22,662 INFO Connection check task start

2026-10-04 22:50:22,662 INFO Long connection metrics detail ,Total count =0, sdkCount=0,clusterCount=0

2026-10-04 22:50:22,662 INFO Out dated connection ,size=0

2026-10-04 22:50:22,662 INFO Connection check task end

2026-10-04 22:50:24,761 INFO ConnectionMetrics, totalCount = 0, detail = {long_connection=0, long_polling=0}

2026-10-04 22:50:25,670 INFO Connection check task start

2026-10-04 22:50:25,670 INFO Long connection metrics detail ,Total count =0, sdkCount=0,clusterCount=0

2026-10-04 22:50:25,670 INFO Out dated connection ,size=0

2026-10-04 22:50:25,670 INFO Connection check task end

2026-10-04 22:50:27,771 INFO ConnectionMetrics, totalCount = 0, detail = {long_connection=0, long_polling=0}

2026-10-04 22:50:28,686 INFO Connection check task start

2026-10-04 22:50:28,686 INFO Long connection metrics detail ,Total count =0, sdkCount=0,clusterCount=0

2026-10-04 22:50:28,686 INFO Out dated connection ,size=0

2026-10-04 22:50:28,686 INFO Connection check task end

2026-10-04 22:50:30,780 INFO ConnectionMetrics, totalCount = 0, detail = {long_connection=0, long_polling=0}

2026-10-04 22:50:31,693 INFO Connection check task start

2026-10-04 22:50:31,693 INFO Long connection metrics detail ,Total count =0, sdkCount=0,clusterCount=0

2026-10-04 22:50:31,693 INFO Out dated connection ,size=0

2026-10-04 22:50:31,693 INFO Connection check task end

2026-10-04 22:50:33,790 INFO ConnectionMetrics, totalCount = 0, detail = {long_connection=0, long_polling=0}

2026-10-04 22:50:34,700 INFO Connection check task start

2026-10-04 22:50:34,700 INFO Long connection metrics detail ,Total count =0, sdkCount=0,clusterCount=0

2026-10-04 22:50:34,700 INFO Out dated connection ,size=0

2026-10-04 22:50:34,701 INFO Connection check task end

2026-10-04 22:50:36,794 INFO ConnectionMetrics, totalCount = 0, detail = {long_connection=0, long_polling=0}

2026-10-04 22:50:37,707 INFO Connection check task start

2026-10-04 22:50:37,707 INFO Long connection metrics detail ,Total count =0, sdkCount=0,clusterCount=0

2026-10-04 22:50:37,707 INFO Out dated connection ,size=0

2026-10-04 22:50:37,707 INFO Connection check task end

2026-10-04 22:50:39,803 INFO ConnectionMetrics, totalCount = 0, detail = {long_connection=0, long_polling=0}

2026-10-04 22:50:40,717 INFO Connection check task start

2026-10-04 22:50:40,717 INFO Long connection metrics detail ,Total count =0, sdkCount=0,clusterCount=0

2026-10-04 22:50:40,717 INFO Out dated connection ,size=0

2026-10-04 22:50:40,717 INFO Connection check task end

2026-10-04 22:50:42,806 INFO ConnectionMetrics, totalCount = 0, detail = {long_connection=0, long_polling=0}

2026-10-04 22:50:43,719 INFO Connection check task start

2026-10-04 22:50:43,719 INFO Long connection metrics detail ,Total count =0, sdkCount=0,clusterCount=0

2026-10-04 22:50:43,719 INFO Out dated connection ,size=0

2026-10-04 22:50:43,719 INFO Connection check task end

2026-10-04 22:50:45,810 INFO ConnectionMetrics, totalCount = 0, detail = {long_connection=0, long_polling=0}

2026-10-04 22:50:46,722 INFO Connection check task start

2026-10-04 22:50:46,722 INFO Long connection metrics detail ,Total count =0, sdkCount=0,clusterCount=0

2026-10-04 22:50:46,722 INFO Out dated connection ,size=0

2026-10-04 22:50:46,722 INFO Connection check task end

2026-10-04 22:50:48,812 INFO ConnectionMetrics, totalCount = 0, detail = {long_connection=0, long_polling=0}

2026-10-04 22:50:49,736 INFO Connection check task start

2026-10-04 22:50:49,739 INFO Long connection metrics detail ,Total count =0, sdkCount=0,clusterCount=0

2026-10-04 22:50:49,739 INFO Out dated connection ,size=0

2026-10-04 22:50:49,739 INFO Connection check task end

2026-10-04 22:50:51,821 INFO ConnectionMetrics, totalCount = 0, detail = {long_connection=0, long_polling=0}

2026-10-04 22:50:52,742 INFO Connection check task start

2026-10-04 22:50:52,742 INFO Long connection metrics detail ,Total count =0, sdkCount=0,clusterCount=0

2026-10-04 22:50:52,742 INFO Out dated connection ,size=0

2026-10-04 22:50:52,742 INFO Connection check task end

2026-10-04 22:50:54,837 INFO ConnectionMetrics, totalCount = 0, detail = {long_connection=0, long_polling=0}

2026-10-04 22:50:55,748 INFO Connection check task start

2026-10-04 22:50:55,748 INFO Long connection metrics detail ,Total count =0, sdkCount=0,clusterCount=0

2026-10-04 22:50:55,748 INFO Out dated connection ,size=0

2026-10-04 22:50:55,748 INFO Connection check task end

2026-10-04 22:50:57,839 INFO ConnectionMetrics, totalCount = 0, detail = {long_connection=0, long_polling=0}

2026-10-04 22:50:58,756 INFO Connection check task start

2026-10-04 22:50:58,756 INFO Long connection metrics detail ,Total count =0, sdkCount=0,clusterCount=0

2026-10-04 22:50:58,756 INFO Out dated connection ,size=0

2026-10-04 22:50:58,756 INFO Connection check task end

2026-10-04 22:51:00,849 INFO ConnectionMetrics, totalCount = 0, detail = {long_connection=0, long_polling=0}

2026-10-04 22:51:01,758 INFO Connection check task start

2026-10-04 22:51:01,758 INFO Long connection metrics detail ,Total count =0, sdkCount=0,clusterCount=0

2026-10-04 22:51:01,758 INFO Out dated connection ,size=0

2026-10-04 22:51:01,758 INFO Connection check task end

2026-10-04 22:51:03,861 INFO ConnectionMetrics, totalCount = 0, detail = {long_connection=0, long_polling=0}

2026-10-04 22:51:04,759 INFO Connection check task start

2026-10-04 22:51:04,759 INFO Long connection metrics detail ,Total count =0, sdkCount=0,clusterCount=0

2026-10-04 22:51:04,759 INFO Out dated connection ,size=0

2026-10-04 22:51:04,759 INFO Connection check task end

2026-10-04 22:51:06,865 INFO ConnectionMetrics, totalCount = 0, detail = {long_connection=0, long_polling=0}

2026-10-04 22:51:07,775 INFO Connection check task start

2026-10-04 22:51:07,775 INFO Long connection metrics detail ,Total count =0, sdkCount=0,clusterCount=0

2026-10-04 22:51:07,775 INFO Out dated connection ,size=0

2026-10-04 22:51:07,775 INFO Connection check task end

2026-10-04 22:51:09,870 INFO ConnectionMetrics, totalCount = 0, detail = {long_connection=0, long_polling=0}

2026-10-04 22:51:10,776 INFO Connection check task start

2026-10-04 22:51:10,776 INFO Long connection metrics detail ,Total count =0, sdkCount=0,clusterCount=0

2026-10-04 22:51:10,776 INFO Out dated connection ,size=0

2026-10-04 22:51:10,776 INFO Connection check task end

